reviewId,userName,Review Teks,rating,thumbsUpCount,date
5d7bef05-fdca-4407-b628-cbf3d8c8f627,Supri Yadin (Supri),"Pelayanan nya Gratis, Bagus, Ramah, Sopan, jelas dan Baik sekali.",5,0,2026-08-11 08:36:01
52d0d053-ae0d-4b44-9ed5-c5a089b12e41,Salma Wati,pokonya ok,5,0,2026-07-25 02:23:13
a3dec320-322e-43fc-a0b3-7dfa038ad4da,Nanti Sagalaraja,ok,5,0,2026-07-22 07:09:22
e38b9ba2-2caf-4320-b858-520b54eed6f7,sandi Samsung,"buat ambil antrian doang kah aplikasi ini.... coba dong buat ngajuin/bikin surat2 secara online biar mudah... klo dtg lgsung ke tiga raksa kami yg dipantura kejauhan.. mau bikin kk , akte dll tingkat desa atau kecamatan meski ada money baru jadi",1,2,2026-07-18 17:47:49
347ffb53-f873-4cdc-ba87-0f2c18704f74,bamfie bamfie,"mantap pokoknya, memudahkan urusan warga tangerang kabupaten",5,0,2026-07-15 10:37:02
48181779-4cfe-4930-b4a2-910497df269f,Muhamad Hakim,Semoga selalu bisa berlaku jujur dan tranparan kepada masyarakat untuk memberi kemudahan,5,0,2026-07-14 08:22:23
73026f93-290b-4d58-b062-d97b6ec3cb60,Gibran Ramadhan,mudah di gunakan,5,0,2026-07-14 02:01:17
70ca785a-3142-40d0-81c5-0acf8bb9460b,Ridwanna Topani,daerah laen. urus apa apa udah pake WA. sehari jadi. ini masih harus antri,1,0,2026-07-11 16:06:02
ae3f009b-3910-490f-8ade-934b4faefb20,Ainun Mardiah,tolong percepat proses verifikasi akun untuk buat kartu kuning,3,0,2026-07-08 08:43:05
0f0a2b90-939e-45a2-855c-de50deeaa0e5,CIPTO ENI NURHEDI,vrefikasi lama bangt kerja apaaan dah,2,0,2026-07-03 03:08:28
5dd8fcbb-cce6-4ed9-b30b-5703397fbfed,Johans Daroe SW,cukup simple,4,0,2026-07-01 11:46:49
ddcb655f-73b7-4e07-9a63-6546c3268fc7,Yusro Effendi Al-Pagenjahani (Al-Ghozali Muda),"Mohon maaf bapk/ ibu, coba tingkatkan lagi layanan publik (apk nya), sebab belum bisa mengakses dan mensinkronkan fitur (data) ketenagakerjaan (k'digi-daerah) dengan kemnaker (siap kerja-pusat).",4,1,2026-06-29 06:19:48
63b03c14-6d0a-4c18-bc26-41f7a68bfbc4,nia johansa,pelayanan ramah dan cepat,5,0,2026-06-22 00:40:55
4adc1f28-785a-4dba-9ed2-262dd4c511ca,Rino Julianto,kaga diverif' gajelas,1,0,2026-06-18 09:07:10
810fe736-6ed6-4667-aa1d-78506b8f9d1c,abdul aziz,"ini gimana mau login ga bisa Mulu,,, keterangan penulisan email salah,padahal benar",2,1,2026-06-18 05:20:33
63f4894c-c36e-434e-8c26-58ec68aaec6a,Yulia Safitri,"tolong apk nya di upgrade lagi biar lebih efisien dalam penggunaan nya, terutama membuat kartu kuning agar tidak perlu masuk ke web. 2 tahun lalu saya buat AK1 di web disnaker kab tangerang email dan sandi saya simpan, tpi sekarang untuk masuk kembali tidak bisa dengan keterangan user dan sandi salah, saat saya reset sandi keterangannya sudah dikirimkan ke no telpon tpi sampe sekarang tdk ada satupun SMS yg masuk. untuk register ulang juga tidak bisa karna nik saya sdh tercantum, mlh bikin susah",1,3,2026-06-12 11:22:09
b669ecec-6d46-44ce-a78e-fade20e3bc7f,Suhaeli Eboy,mempermudah.. sangat membantu,5,0,2026-06-02 01:45:13
008bac29-6e71-489a-b38c-0e1ab95f1926,asep saepuloh,"gimana ini login buat ak1 gk bisa bisa ngawur amat, ganti tuh karyawsnnya",3,0,2026-05-28 16:01:35
30f7f0dc-1604-4dcd-9da7-de082b793d67,Hamidun,Banyak manfaatnya,5,0,2026-05-23 02:21:20
7444e473-5fe2-46d5-ac7d-54c3446a1eca,Christian Kimnadi,"pendaftaran cepat, namun verifikasi nya msh hrs menunggu ckp lama",4,1,2026-05-20 04:11:24
18bb4e66-7903-4baf-b7ac-261259306c53,Hendra Maulana,bayar pajak motor jadi enak,5,0,2026-05-20 00:04:41
0f045037-5a31-4d44-b7ef-4914ae16945a,Sulaiman bae,apk nya masih belum lengkap...,3,0,2026-05-16 06:19:40
6dd8d0b8-90ea-437f-ac2d-d8210aae9fd8,Ahmad Fauzi,ada satu fitur yang gak bisa di buka ketenaga kerja yang tidak bisa di buka kecewa saya,3,3,2026-05-15 23:20:59
09bfecd5-5f8c-408a-98b5-6b88e3b33afe,Sanusi Ibnu Rosyad,belum ada pengalaman,5,0,2026-05-05 08:19:52
ee715cd9-f7a2-4e37-894c-f87b8f3b348b,Didi Juliadi,"buruk, sering gagal padahal koneksi internet lancar.",1,0,2026-05-04 03:34:37
506b5e58-7630-46cb-90a0-e0f4c82f8091,Ripal Egi,ini gimana tidak bisa terhubung mulu,2,0,2026-05-01 03:58:39
de66b294-f6ce-4f1c-8dca-0c241e9350cb,Sony,sangat membantu,4,0,2026-04-29 09:49:17
b969ec35-6072-472d-95ee-0b1799f30efb,Sugi Anto,susah di akses mau daftar saja gak bisa malah loading miter miter melulu,1,3,2026-04-27 03:28:17
ef30069e-7443-4e1b-87d6-65616a70af2c,Saiful Mailuddin,BarokAllah,5,0,2026-04-22 00:33:21
9112c523-f292-438d-b6c6-67396c5b7d1f,kiki ade wardani,aplikasi sampah,1,0,2026-04-17 06:07:19
6326053b-4a33-49b6-974b-6bf53397b79e,Sri Wijayanti,"Min tolong bantuannya web dnaker digi ada bug saya kan lupa user sama password,pas mau di reset sandinya gabisa🙏🏻 mohon dibaca min soalnya saya buat perpanjangan kartu AK1.",1,2,2026-04-10 18:41:46
b4b40137-78d7-4bae-9759-614d99526dd9,Achmad Alwi Sugara,"banyak bug, tidak pernah memperbaiki ya",1,1,2026-04-02 03:49:44
577a0e33-43fc-4e9e-a8b6-ddffc2954500,Muhamad Fitriyana,"buka aplikasi nya geh min, trs buka menu investasi, nanti pasti yg muncul situs judi online.",1,5,2026-03-19 07:27:52
892577ea-37ad-4043-b831-a15bc5d6aede,Ncup Supyadi,"apk apa ini sistem eror berhari"" ga dibenerin",1,0,2026-03-18 23:55:38
73f6e5dd-b911-48fc-86b2-117757b068ba,Opik,"ngga bisa cek kk, ktp, apalagi update. belum berguna berarti. ganti aja developernya kalau ngga bisa",3,2,2026-03-08 10:17:35
1869fac1-25be-4709-9926-5a27b94a376f,Dedi Kurniawan,"Aplikasi ini harusnya bisa buat Akta, KK, KTP dan lainnya secara online yang memudahkan masyarakat dalam pengurusan administrasi supaya gak ribet. Bukan hanya berita yg itu-itu saja.",1,1,2026-03-07 12:45:29
5ff67e75-16e6-43e8-b6e6-6a3b7dabe10f,Elvi Dewita,semoga dengan aplikasi ini bisa membantu saya dalam mengurus dokumen saudara saya dan family saya yang berada di kabupaten tangerang,5,0,2026-03-06 19:20:07
02acd8a4-fa9e-479e-924d-95addcc493da,Allea's Corner,"sebenernya aplikasi ini buat apa sih, kota Tangerang aja udh bisa serba online ini cuman berita berita doang isinya",2,0,2026-03-03 23:14:11
75622ea7-cc8b-4e86-a93b-2426d1c00ff8,Denz Andriyadh,good,5,0,2026-03-02 03:28:30
d1354756-a95e-4a6c-a621-0ec402a670e3,yunita dwi astuti,"verifikasi datanya lama ya, saya mau buat KIA untuk anak secara online. overall oke dan informatif. Terimakasih",4,0,2026-02-27 06:59:42
c96b889c-6f8a-4c60-b569-3cb117717987,Hendrik 221,verifikasi nya lama bangetttt dari pagi sampai skrg gada ACC,2,0,2026-02-25 10:43:28
0d800575-2fd9-4b86-bcd0-995622b3cf2c,Bahrur rosyad,mantapppp,5,0,2026-02-23 20:50:13
2f00055e-3c58-4a95-ac6f-22a5e50724a0,Niko Nindi (Ceng Niko),semoga membantu,5,0,2026-02-18 16:27:53
58f1666e-ec12-4d45-962e-e79d6fbb162a,didi suhandi,"informasi nya sangat bermanfaat dan akurat serta membimbing untuk dipahami oleh pembaca, sehingga memudahkan dalam mengikuti aturannya Terimakasih. aplikasi ini sangat membantu saya.",5,2,2026-02-11 03:37:25
2c526198-8fe9-453e-aa52-118dba943f99,Evi yana,tolong diperbaiki untuk sinkronasi sangat sulit,3,0,2026-02-05 03:06:36
2918c5b4-c0d5-4c5c-85a2-18ef3dc8a153,irvan hidayat,aplikasi sangat berguna untuk masyarakat kabupaten tangerang,5,0,2026-02-03 09:19:44
65cb5f05-0a51-4f43-8887-868b6c4d9dd6,usna wibowo,matap,5,0,2026-01-28 16:58:57
d7282e1b-11bc-40e4-90e6-aa3de3a9f982,Senin bin Kamis,PROSES VERIFIKASI SANGAT LAMA,1,0,2026-01-24 02:46:02
0e43bad0-6bdd-451a-a32e-712a318eee91,Maman Mulyana,sangat bagus bagi saya,5,0,2026-01-13 16:19:57
0590c43c-cacd-48ed-bbca-ef93e04da430,Abank Jagur,"Masih banyak fitur yang belum bisa digunakan. fitur tumpang tindih. ebphtb masih sulit digunakan via hape, mungkin karena fiturnya masih belum sesuai untuk hape.",2,0,2026-01-08 03:20:17
39509dd1-d38d-4fb9-899d-7cfd5312f509,Tony firdaus,aplikasi eror mohon segera di perbaiki,1,0,2026-01-06 13:08:20
e4b4bc61-eead-4eb7-9554-51040cb43487,mpek mpek,proses lama kabupaten payah,1,0,2026-01-06 10:28:56
74c91e58-d8b4-4de1-9cc4-0453a088f0df,Papi Meysha,SUSAH LOGIN...aplikasi seperti tak berjalan,1,1,2026-01-03 01:43:46
838d7655-9cac-487c-b9ba-575d4ff31c08,Throwble Makers,aplikasi ini ada bug atau apa ya? saat mau ambil antrean perpanjang pajak kendaraan di gerai ciputra mall selalu jaringan terputus? mohon segera diperbaiki.,2,0,2026-01-03 01:15:20
c44bc9c4-e236-40c7-9088-98ba5ba1e554,giota “dzaky” baggio,sangat membantu,5,0,2025-12-29 07:39:23
4a6052ef-feeb-48dd-958e-616bde4e211e,Cici Nata,"aplikasi susah bgt dibuka, loding lama bgt bikin laporan g bisa dibuka aj. coba pemerintahan kab Tanggerang knp jelek bgt begini pelayanan onlin nya",1,0,2025-12-29 07:31:56
66365740-9d4d-47f8-a6aa-13899c500bfd,Narmi Tami97,"semoga segera diperbaiki segala kekurangannya. katanya utk memudahkan masyarakat, dalam 1 aplikasi udh lengkap ternyata zonxxxxx. Ampe nunggu verifikasi segala ternyata sama aja belum berguna. tolong lah . liat kabupaten lain mah udh pada canggih ini Tangerang gemilang loh. hadeeh. 🥲🥲🥲",2,3,2025-12-29 03:53:03
4338aa62-40ed-468c-9098-6822037b93ad,Amenk Comenk,mantap mempermudah masyarakat untuk mengakses informasi terutama mengenai pelayanan publik,5,0,2025-12-24 18:34:00
140f99ef-9596-4177-b114-4204e4fa3786,Sukandi jampangan,cukup membantu,5,0,2025-12-21 10:46:34
0658eac4-7fae-40d9-84bf-ec1002955194,Aqua Rium,"ok, mudah digunakan.",5,0,2025-12-19 11:35:25
0bfab8f9-fdce-453b-bdbb-b93ea9d92023,Teras_ Koesam,yah gini lah,1,0,2025-12-17 12:10:33
bce98631-3944-4825-805a-7a0ac66fa156,Muhamad Basrudin,"Setelah sekian lama nunggu akhirnya terverifikasi,Mudah-mudahan membawa manfaat untuk masyarakat kab. tangerang. Kalo bisa ada fitur Pelayanan Kartu Keluarga dan akte kelahiran secara online, bisa lebih mantap lagi seperti kota tangerang",4,1,2025-12-10 14:14:05
d4af93d4-fff5-4e3e-8fbd-ef1137d2e28a,Siti Ai Jamilah,"lama banget verifikasi akun, mau dipake buru² suruh nunggu",3,0,2025-11-28 08:21:48
65b149e0-5e2a-4552-80ab-d54ca0e60eb1,Debby Melinda,gimana sih aplikasi gabisa bikin KK KTP online,1,0,2025-11-26 07:52:31
5888238f-f66b-4309-9af2-4303c2277a6b,Nandangblu,membantu,5,0,2025-11-26 03:54:04
dee1aa42-3d9d-4bb8-8e9c-d69127c47e9c,Iim Iban,susah loading nya mau cek.bansos loading mulu...,1,0,2025-11-25 06:44:13
69730394-0c22-416b-baff-fb078c8d3660,Hendy Sulayman,bintang 4 az dulu blm tau yg laiya mgkin nti bintang 5,4,0,2025-11-09 13:00:50
c721262d-451c-4be0-9ad4-8b90331e53be,Siti Aminah,ok,5,0,2025-11-07 22:09:07
c2d269f3-775c-4d6d-9722-6073c806321f,Riski,"Cara daftar penerima bantuan juga gak bisa,jadi percuma daftar ini 🥲",1,1,2025-11-05 12:43:56
69f82a28-c3e6-41fb-a39c-6e0ffdfa303e,Ahmad fahrizal Hamdi,g brguna bgt smpah,1,0,2025-11-04 04:27:06
d8ad11fc-0848-44d1-978d-205989bd7392,Angger Mursy,"praktis, efesien dan ok",5,0,2025-11-01 03:18:37
2a742334-cdf9-41e1-aa95-113c80bfe5a9,Hery Kustjahyono.R,infonya bagus sangat membantu,5,0,2025-10-31 13:49:57
55163374-362a-444e-bf13-386433522411,Hamba Allah,"Ini untuk Fitur cek BANSOS nya tolong diperbaiki min,soalnya loading terus ga bisa dibuka2,, Tolong dibuka min karena sangat bermanfaat untuk keterbukaan informasi di masyarakat",2,0,2025-10-27 21:49:07
bd7454ba-e283-4170-a260-729393be117e,Andri Arsali,pelayanan baik,4,0,2025-10-27 05:23:26
bd7b191c-f4b6-44b5-aaa5-708346f34bf3,Riska Amelia,"mau verifikasi aja lamaa banget, kurang gercep",1,0,2025-10-24 12:53:59
fd52baf7-10db-4136-8479-4202aea3f35c,wahyu infinix,ferivikasi nya lama..pengajuan AK1 juga lama,1,0,2025-10-24 07:04:37
446cb26f-f7be-4c64-a31f-2dbb4f96beac,Wahyu Wibisana,Tolong di buka lagi untuk informasi bantuan sosial karena dengan cara ini sangat mudah untuk mengecek apakah seseorang mempunyai bantuan sosial atau tidak. Terimakasih,5,2,2025-10-22 17:28:50
e35c2c0e-7638-47a8-8c21-4d748d87d814,ABDUL KOSIM,smoga kb. tangerang makin maju dan gemilang,5,0,2025-10-16 23:52:09
b3d99a1b-4f51-4f8c-aa58-36c87a05c422,Suwarti,tunggu di verifikasi lamaaaa banget padahal mo urgent,1,0,2025-10-08 05:52:47
f1fd382b-baab-46fa-b754-05b5c74f872f,Hendi Permana,sangat membantu,5,0,2025-10-02 03:45:54
73d24c1b-ec1f-437e-a90d-6256c3a8da7c,nurhayani,pelayanan y cepat,5,0,2025-10-01 23:14:00
1be7fef9-dc5c-4d63-8a8e-0aa4fc8b29e0,Shun Ho,best,5,0,2025-10-01 09:45:57
ea89470e-6c6e-4c3a-a115-0e9b9c6ed303,heri suheri,tidak sesusi dengan saat prluncuran. tidak ada guna aplikasinya,1,1,2025-10-01 05:33:56
7f61c494-e34e-411e-9a33-b682789b48e5,Romy Rahim,aplikasi apaan kirain bisa buat akte/KK secara online tau nya begini doang mending kaga usah di bikin kalo kaga ada fungsinya mah,1,0,2025-10-01 03:33:36
a6c03020-d205-4155-8a11-73506a4b68e8,Rizky Bandoro,semoga bermanfaat untuk masyarakat kabupaten Tangerang,5,0,2025-09-22 03:04:55
9b0956f8-d098-4ec7-9dce-01330f029237,MEDIA MUSLIM (Indonesia),aplikasi berbasis online tidak berfungsi semua masih harus ngantri alias manual,1,0,2025-09-14 09:09:45
4301169a-6e7e-4b82-afab-01fcde3c9014,Saripudin,aplikasi gak jelas....,1,0,2025-09-08 09:31:52
8fb3cb97-62fe-4dce-ba00-8624981a20e0,abdul wahdi,pengalaman yang lebih maju dengan tangerang gemilang sukses selalu untuk kedepannya,5,0,2025-09-08 07:26:16
da0ecadb-1128-4a4a-9d90-8a7ed6e10453,Ninda Septiani,bagus memudahkan rakyat dalam segala hal,5,0,2025-09-08 01:50:14
17cfa856-0bc3-4e4e-995a-ff825ea470b5,Nawawi Doan9,"aplikasinya keren, mudah dan familiar.",5,0,2025-08-28 07:30:07
fa3f75a5-510f-4da1-9874-952960948874,Baidah Lara,"gak ada pelayanan kependudukannya.... khususnya pindah keluar dan masuk. percuma download aplikasinya. kalah sama kota2 kecil yg udh canggih, applikasinya berjalan sesuai kebutuhan, dipermudah masyarakatnya secara online. ini kota besar tapi pelayanannya masih offline.",1,9,2025-08-24 06:24:18
aaabeb38-d7e7-49a1-91c0-cf2f0bded162,Deden PLN Terbaik,"mohon proses verifikasi tidak menggunakan swafoto dengan ktp krn tidak ada yg bisa memastikan keamanan data saat kita berikan melalui aplikasi ini, baiknya dicarikan opsi lain atau bisa juga lgs ke tkp. tks",4,2,2025-08-23 08:16:43
7f3af6dc-3066-411c-9001-5112a0b7645c,mulya sugiharto,pasti ok gemilang,5,0,2025-08-22 04:57:58
bc3d4153-688f-402d-b344-dceb50225e7f,Saptaning Jo,mantap,5,0,2025-08-19 09:35:34
5b8214de-5d11-4994-a947-6472fbbbd169,ESSE CHANNEL,"download biar ga ribet mondar mandir ke kecamatan, kecewa pelayanan kecamatan Rajeg, jam 08.00 datang di suruh pulang karena tidak dapat no antrian, sudah gitu di atur setiap desa 1 minggu sekali, kaya saya masuk desa sukatani hanya di layani hari senin, bobrok kecamatan rajeg",1,0,2025-08-18 20:20:33
8c197fb2-c819-4ceb-bb2a-1180bc1e5885,JT SAM,"antrian teratur, mudah, pelayanan ramah. Semoga kedepannya fasilitas bisa lebih baik lagi mengingat kebutuhan dan standar pelayanan sudah cukup mumpuni :)",5,1,2025-08-17 04:13:33
90cca320-b67b-405d-978c-a4c2cbc1ea53,Idham Holid,aplikasi ini sangat membantu,5,0,2025-08-09 16:51:57
03746cbe-2906-4128-9802-50edc5013712,Zen Kawol,ok,5,0,2025-08-05 14:39:58
9b7a85e1-5cc7-41d6-8ce6-cbcfda933651,Ari For Gothic,membantu untuk individu yg ingin mengenal lebih jauh tentang daerah kabupaten,5,0,2025-07-29 13:57:31
f3d377aa-9d2a-424e-89d0-4482e2af5460,Bal Ikbal,"coba dong di buat E-SPPT seperti Kota Tangerang, jadi kami warga bisa lebih mudah untuk pencetakan E-SPPT Mandiri",2,0,2025-07-23 09:26:46
89db8d27-2ee1-4f32-b89b-1434e407d14e,Yumna Kholis,harusnya bisa membuat dokumen secara online...percuma ada aplikasi juga kl ujung2 nya harus ke Capil,1,0,2025-07-21 05:30:14
2290eb92-1d46-4ecf-bc98-0dc2cb26f5e7,Yusuf Faturahaman,sangat membantu informasi publik.,5,0,2025-07-21 04:24:46
31b6dc68-9d00-409d-943f-924b7c422f1a,Fahmi Dharmawan,kaga ada gunanya appnya,1,0,2025-07-19 04:51:17
8c9404a7-e416-4613-9bbc-55a20517e592,Al Ghifari,aplikasi bikin susah orang doang,1,0,2025-07-18 03:35:43
aa469129-dc4b-40d3-b4da-fec160cbad82,Ahmadhusen Sidik,bagus kembangkan lagi,5,0,2025-07-17 15:49:12
78f6b7eb-186c-4d32-8c17-09d8e5e7b628,Azmay Asyifa,"gak berguna aplikasi, gak bisa mengurus data2 secara online, tidak kayak aplikasi di kota2 lain..",1,1,2025-07-13 13:39:25
a306f283-5c49-4399-bc5b-5d54ad25bf6a,saepul Hoir,mantap BS ngecek pajak kendaraan,5,0,2025-07-12 07:18:27
0f46bdcf-8dd0-43f2-b209-665942e1cb0b,Kang Juan Tea,"semoga ada nya aplikasi pelayanan publik ini di kabupaten tangerang, masyarakat dan para pekerja ASN saling support dan membantu Tangerang menjadi semakin Gemilang dan anti pungli di kabupaten tangerang khusus nya.",5,0,2025-07-11 07:22:13
ff9edf5c-144f-4c92-ad69-0ec3d6b0f810,Ds. Nbn,informasi yg baik utk warga Tangerang,5,0,2025-07-10 10:03:10
86a2d3d8-44e2-4384-9d29-94d98da0da09,Yuliani Nursakinah,"Dalam pembuatan kartu kuning sangat sulit, verifikasi akunnya lebih dari 3 minggu, & ketika membuka layanan ketenagakerjaan halaman tidak bisa diakses , mohon dengan sangat hormat kepada bapak/ibu/tim pembuat aplikasi ini harap segera diperbaiki sistemnya supaya bisa memudahkan masyarakat🙏 sebagaimana hadis Rasulullah: ""...Dan barangsiapa yang memberikan kemudahan (membantu) kepada orang yang kesusahan, niscaya Allah akan membantu memudahkan urusannya di dunia dan akhirat""(HR.Muslim)",1,0,2025-07-08 14:51:07
8ad1812d-de88-414c-9f02-da6731bb2f12,Siti Nurasiyah,tambah lagi dong menunya adakan bikin akte kelahiran agar mudah,3,0,2025-07-07 12:07:01
0ac7ceda-8a61-4dae-ba4b-33d070e85af6,Rey Kenzho,sangat membantu sekali. terima kasih,5,0,2025-07-04 03:25:49
e578c58d-bdc6-4170-b7a6-20c691f39636,Pawit Hermawan,cepat tepat akurat,5,0,2025-07-01 04:48:45
478c738f-74d8-4918-83fa-ecfad0c0670a,Melisa Septiana,lamaa baget nunggu verifikasi ya allah😩sampe kapan bisa selesai di verifikasi tolong dong di urus sistemnya!,1,0,2025-06-30 12:48:41
c719159f-6b45-421e-bf90-add71c03cc25,Cahyati Cahya,"verifikasi nya sangat lama sudah 1 minggu masih harus menunggu , alhasil gk bisa digunakan",1,2,2025-06-29 02:48:27
367c3f10-514f-4f0e-81b8-a5d14ec22b40,Delta M Cahyadi,Mantap,5,0,2025-06-27 22:43:09
0ede64ed-2865-4aec-a71b-2eee3fc975d7,Agus Eko Anusi,"nunggu verifikasi, saya sampai bosen nunggunya nggak di verifikasi verifikasi",1,0,2025-06-25 06:02:31
006ff17e-28bf-4d16-8e4b-e37ffa5e1b00,Ibnu Sunan,aplikasi yang sangat bagus untuk membantu masyarakat kab tangerang,5,0,2025-06-25 01:04:20
8ab4ddb6-9ca1-4682-8903-aa55e7eb9b83,Asep Pirdaus,mantap bagus sekali,5,0,2025-06-24 05:55:00
c3a22f6c-42a8-4d76-9d36-f3c542922534,Yudi Darmawan,sangat membantu sekali...semoga lebih canggih lagi kedepannya mantap kabupaten Tangerang,5,0,2025-06-22 10:59:39
d7792633-5128-401f-a317-670f18486d2b,Endang Prayoga,saya mau daftarin email-nya ko gak bisa2 yaa,4,0,2025-06-20 04:58:32
0392ebba-57df-47d2-8095-118ca002b63c,Lulu Boy,bagus dan ok,5,0,2025-06-18 19:57:00
ee2548d8-5c47-48a0-9b24-6b863c00d867,MIFTAKHUL HUDA,akun belum diverifikasi hampir 1 bulan,1,0,2025-06-18 04:02:56
8d2d81ab-6788-4073-ab69-ac77e4dfc696,Herry Setiawan,"rasanya sangat disayangkan, ada aplikasi pemerintah tapi tidak bisa digunakan untuk keperluan data diri masyarakat, harusnya aplikasi bisa dibuat seperti tangerang live, bisa untuk pembuatan ktp kk akte online, biar masyarakat lebih mudah akses nya tanpa antri ke lokasi",1,16,2025-06-17 11:00:44
2433da7d-0fc8-49c2-aabd-c5ba5bcbc1c1,Abdulrohmat Rohmat,bagus,4,0,2025-06-17 07:32:02
7362b145-7c9e-4278-9e2c-662e4f6ea564,Andryzt Viruzt,Banyak aplikasi untuk pelayanan publik jika pelayanan melalui aplikasi lambat ya ngapain bikin aplikasi,1,0,2025-06-13 08:38:28
fe84c232-8cef-47a9-a8e2-7e9ab98d2402,rony duank,"kalau cuman buat cek PBB tidak usah pakai apk ini, juga bisa cek dan bisa bayar pajak. ini mau ngurus akta kelahiran saja ribetnya mantap banget. dari pertama ngurus indah domisili , bikin KK cetak KTP , bikin akta anak banyak bener dramanya. mau cetak KTP suruh download aplikasi IKD, udah punya IKD pengajuan online biin akta kelahiran anak tidak bisa. pengjuan stuk dipengajuan saja. tp kalau pembuatan pakai duit cepet yaaaaa. inikan layanan masyarakat gratis. gratis itu rumit, cepat itu duit.",1,1,2025-06-10 15:44:42
d676b08e-ab34-4d53-ae02-a3036c94da02,Pitat Haeng,proses blverfikasi lamaaaaaa......!!¡kerja kalian apa.saja,1,0,2025-06-10 13:15:49
1a691c17-66b7-424f-b79d-75b851d1ce00,Aldi Yoga Firmansyah,"aplikasi sampah masih perlu di benerin lgi operasi sistem nya tiap buka menu yg lain selalu lag dan kadang layar hitam padahal hp keluaran terbaru 2024 ,emng dasarnya jelek ni aplikasi OS Nya",1,2,2025-06-09 13:05:32
33ed036e-cff2-4742-ab1f-6e8af98ca4ec,Albwee,"aplikasi error ngambil antrean, gimana ini? udh 2 device ttp zonk",1,0,2025-06-09 00:58:29
d48ec9f8-4a4e-46ca-895a-463fe149c506,Aang Gunawan,blom verifikasi,4,0,2025-06-06 09:08:49
c8e4ccb2-776c-4578-881f-f19886e66a3a,Muhamad Ali Hasan,ok,5,0,2025-06-03 12:04:04
ff46a4d6-d072-4b0d-8889-75a2eb02785c,Ryandi Bila,"ambil antrian dari 6 Hari yg lalu dapat jam 07:00 pas nyampe Lokasi Mall Ciputra,Bukanya Mall Ciputra jam 10:00 gimana ceritanya ini yg katanya pelayanan Publik ???",1,1,2025-05-27 00:29:48
def58458-7828-426f-b6b5-5de6abd30071,Siti Soleha,"pembuatan KIA secara online aja gk ada,, tolong ka di permudah lagi untuk masyarakatnya biar daftar ini itu gk ke harus ke kantornya",2,0,2025-05-23 16:03:27
35528077-ae71-451c-b520-187193cea1a3,Hadis Bakti,bru daftar mudah2an bermanfaat,5,0,2025-05-22 08:40:19
43cff904-e8e9-4715-90e0-dd5362ff644b,Tito Shita,"Mall buka jam 10.00, jam operasional kantor hanya sampai jam 14.00 dipotong rehat 1 jam, efektif hanya 3 jam saja.",3,0,2025-05-21 09:07:16
18653ab5-059c-4dc0-a83d-59fb62a377ca,Martinirofikun Martinirofikun,"baru mau saya gunakan,semoga Bisa membatu",3,0,2025-05-18 02:27:35
d40462fc-541e-4c49-85c8-dc2d6e8f0f8e,jamil 457,gak ada gunanya,1,0,2025-05-15 11:28:44
8ff9bb05-f58b-4020-8d5a-034510526ff2,Muhidin Via,lverifikasinya lambat saya udah tiga hari belum juga di verifikasi gimana sih apa saya gak penting kali rakyat biasa orang miskin di anggap sampah,1,0,2025-05-15 00:20:21
ff2a58ff-979d-4191-9e76-818b4f9decb2,ronny,Dengan adanya layanan online memudah kan masyarakat tanpa harus datang kekantor,5,0,2025-05-14 03:15:29
d024c34d-1f23-4f76-a9fd-51272122440c,Reni Sriundari,sangat membantu Masyarakat,5,0,2025-05-13 11:24:53
8739356d-5b6c-4ac8-90e7-13b12d64e321,AF AP,"Buruk, loading lama saat masuk apk",1,0,2025-05-13 05:11:23
33a1c70c-88f4-4f97-901c-edbdbc54857e,Janaka Jaka,saya suka dengan aplikasi ini bisa bantu masyarakat..,5,0,2025-05-09 07:02:31
d335496b-cc28-49f8-a54f-ca0e65236f94,darsono kun,"jaman udh canggih teknologi,4g , ASN d bayar rakyat melalui APBN d kumpulkan dri pajak rakyat , nunggu verifikasi aj seminggu Lbh blm ad konfirmasi gaji buta kah?",1,0,2025-05-07 14:24:21
51ffd3bb-c2c9-4d12-bba9-636ca05f4593,Dar ma,sangat membantu bagi masyarakat,5,0,2025-05-06 04:05:46
3316e5d2-d0d5-435e-a793-99f6e299485a,try moel,iya bener kata orang apk tidak berguna,1,0,2025-05-05 10:50:41
2ff1cae3-4f39-4128-9ebd-3524ddf39a0b,Muhamad Fikri,membutuhkan waktu yang lama untuk verifikasi,1,0,2025-05-05 08:57:56
ce99f14a-ab96-4992-aac8-1a8e2887ad9a,Rifki Martin,aplikasinya sangat tidak jelas,1,0,2025-05-01 10:39:29
f4f2b7c6-d5a3-4727-b2c9-77c3a016ccef,ORANG PRIBUMI,"aplikasi unfaedah, tangerang oh tangerang. gak aplikasinya gak pelayanan publik nya...sama aja bobrok nya",1,0,2025-05-01 09:53:27
05a41433-b18d-4c3f-a033-c1a64bd5cd0f,Ali Ali,"Kurang memuaskan kenapa cek PBB malah gak bisa sekarang, Tidak puas pokoknya 👎",1,2,2025-04-30 06:31:16
f34c13ef-20e4-4ebb-adc9-9165b015cad3,Juniarto,aplikasi yg penting untuk di download.,5,0,2025-04-29 03:47:24
842fbdae-d50a-4ca6-af77-c82ea5757d88,Sari Yanto,ok,5,0,2025-04-28 11:05:36
dc8f2eed-fe3b-41ff-b66e-92b2add1609b,Eko Dian Saputra,test dulu,4,0,2025-04-27 02:53:21
02211031-de10-4d76-b8fe-3574f8becb5c,Hi Sulinda,aduh aplikasinya gaberguna bgt gakkaya kota Tangerang bisa bikin KK KTP dll langsung ini mah tetap harus ke Tigaraksa itupun banyak pungli,1,0,2025-04-22 09:59:58
34eff488-bdfa-4294-9b5b-066aef6f61ec,Eka Wahyudin,❤️❤️❤️,5,0,2025-04-22 01:52:50
e2e8f830-f0a1-4707-a1c1-34163355d7d1,samsul hermawan,ok,5,0,2025-04-21 01:24:16
cd489d88-70cf-4c65-8816-1390baeb2e6f,Andri yachya Lubis,ayo dong semangat jangan belanja aplikasinya aja. realisasikan aplikasi ini,5,0,2025-04-20 07:46:10
6c883e34-e3d3-43a7-b1da-914a86b3b30b,Dede Jaman,daftar loding berhari3,1,0,2025-04-19 17:30:00
2b6bf0c8-2ca3-46b1-a246-7da26940a8a5,Multisakti Sakti,sangat membantu sukses selalu👍,5,0,2025-04-18 05:19:38
c5a8a329-f986-4db6-b982-2cab03820f1f,Deden Nurdiansyah,gx bisa registrasi,1,0,2025-04-17 23:12:43
7edd8ff8-35b2-470e-a79c-02d92b128a8f,Nanang Ahyudin,mantap semakin gemilang,5,0,2025-04-15 09:41:42
6d2a0bef-b297-4ede-b843-9e1a5641ade5,Deny Periyanto,Good job Tangerang pasti bisa,5,0,2025-04-15 00:44:31
729a6230-7a8c-433f-81c6-b2a4ef183ed2,Romli Syaid,saya mau tanya .fungsi dari ambil tiket antrian online itu apa. toh ujung-ujung nya ngantri panjang 😌😌😌,1,0,2025-04-14 03:13:16
18295940-7183-46f0-b5aa-444cc7ef0663,Tiya Salsa,tidak membantu,1,0,2025-04-13 16:43:01
a93b8813-8f84-4c45-abfe-bb8f229fdbf4,Yulianto Yanto,kenapa ya pas ada pemutihan pajak. aplikasi cek pajak kaga bisa,5,5,2025-04-11 13:26:27
0bea7450-d871-4610-a267-49caf709e187,agus dunks,pada saat akses ke aplikasi ini masih agak lama,4,0,2025-04-11 09:43:45
d66ae1ed-9e55-49fc-868f-bb1c51225145,alexander fernandes,sistem verifikasinya gimana yah kok dari sebelum lebaran sampai sekarang belum selesai juga,4,1,2025-04-10 10:10:32
19b939f4-ec3f-4c94-ac25-0b1cdf82b943,Tabib Sueliwa,"Aplikasinya lemut ngloding terus atau muter muter terus,",1,0,2025-04-10 09:36:03
a73fac09-549e-4381-a78b-099d07e04597,Neo Ji,sekarang tidak bisa digunakan untuk cek PBB,3,0,2025-04-08 23:17:59
496a0f99-4f56-4f75-b593-3b1ce1d924b5,Sudarta (Ifay),"kenapa ngasih kuota cuman sedikit,,, padahal kami sebagai masyarakat bukan cuman 1 orang yg mau bikin identitas...",2,0,2025-04-07 04:38:39
6817b867-3bb1-430a-964c-f36f2364454a,Cahaya eka Yanti,"aplikasinya sangat membantu,dan mempermudah masyarakat dalam mengurus data kependudukan",5,0,2025-04-06 10:08:49
cc73ebd5-0d4b-4165-9b69-91b18b9608b6,muhamad wahdan bashori,kerem,5,0,2025-04-03 19:41:25
72b93046-c2fe-4a10-ad06-7f3a1b5a5ea7,Ninos Valentinos,app yg sangat membantu,5,0,2025-04-02 04:07:17
54fbc8ef-2084-480b-8fe2-088ce7c14357,Toyib Susalis,aplikasi masih setengah mateng....masih harus datang dan proses di kantor dan gerai....,2,0,2025-03-19 08:24:31
43b1a08d-3006-427e-9891-5a0f4719bbe1,Siti Nurlaelah,"Beralih ke aplikasi iPBB Kab. Tangerang lagii, karna disini gabisa cek status PBB 🥴",1,2,2025-03-18 15:12:13
3cac3b02-861d-47eb-b87b-bd9635eeb674,kusnaedi 47,"Tangerang Gemilang merupakan terobosan digitalisasi peng administrasi an dalam pelayanan terhadap warga masyarakat di kabupaten tangerang... saya berikan apresiasi, pelayayan masyarakan di maal ciputra, dan perlu di kembangkan supaya lebih dekat terhadap rakyat nya, untuk itu mohon buka lagi pelayanan di perumahan Kota Bumi Kec. Ps Kemis disana ada gedung yang nganggur bekas plaza sabar subur... untuk mendekatkan pelayanan agar supaya masyarakat di pesisir tidak terlalu jauh",5,0,2025-03-15 02:20:10
30e03781-d021-42bc-8b97-c5d9b3858f2d,Aan Ansori Roshin,Sangat bagus,5,0,2025-03-14 22:26:49
8148c013-bda9-4b11-bff3-34e93727d94b,Syafrudin 3031,Aplikasi bagus. Cuma belum begitu rampung dari berbagai menu ada yang belum bisa di akses,5,3,2025-03-12 05:55:19
f1ecc7fb-0694-43b3-a149-b41325a8e975,Gojek Grab,Good,5,0,2025-03-11 23:27:13
e7569a96-8785-4624-ad4e-dd626b9e160a,aming spd,Bagus lah ketimbang yang lain,5,0,2025-03-11 06:25:37
564b9299-223d-44ee-bd38-1115212c93ce,Sugeng Yulianto,"Sejak ada aplikasi ini , aplikasi Cepot jadi nggak fungsi",4,0,2025-03-10 03:19:44
01cde945-d93f-4175-ba4f-af5381342ac6,Hendi Endi,"Satu bintang dulu lah krna blm bisa d gunakan,, nanti klu sdh bs d gunakan dan aplikasi nya ga banyak kendala baru di tambah",1,0,2025-03-09 03:38:23
5602d4bf-3c05-491a-8608-8630e592360a,agus yadi,Di lengkapi lagi layanan nya dan si permudah,5,1,2025-03-09 03:28:33
e0b26807-8e95-4580-b37f-cf88566a3730,Sutardi Ardi,Bagus,5,0,2025-03-03 12:24:28
18a07026-2a4b-4065-9a32-9e8d2aea99e1,Yani Ray,Tangerang tetap gemilang,5,0,2025-03-03 01:51:44
90b9feef-b9ae-4d2c-ab05-1d9a099965ee,ahmad mulaqin,Terimakasih,5,0,2025-03-02 18:12:12
258f16c0-203e-4d89-b358-c2efd0b14866,Novita Romadhani,"Aplikasi kt ny untuk mempermudah, tp untuk bantuan pembuatan kk ataupun identitas lainnya msh aja tetap dtg k capil. Untuk yg lg ada di luar propinsi jd sulit, sprti sy yg br melahirkan dan hrus membuat identitas ank yg br lahir namun ttep harus ke capil di tiga raksa. Pdahal suami sedang dinas di luar propinsi, buat bpk bupati tolong dong di permudahkan urusan pembuatan identitas seperti kota kota lainnya",1,31,2025-02-24 03:55:53
bb0a0016-b14c-4a6e-a1c9-50b9a3863ba9,Asri Alalief,Bayar pajak kendaraan bermotor lebih gampang,5,0,2025-02-21 11:37:08
db74efdb-b5ef-4a0e-b4e4-cd0e1e09ef39,chrismonita agustin,Verifikasi akun sangat lama,2,0,2025-02-19 02:39:18
3333bc5a-4fb8-44f3-8f48-28d4fe34633a,Intan Baeduri,Memudahkan pembayaran dengan mengetahui rincian Dulu sebelum membayar Oke Terima kasih tanggerang gemilang semoga sukses selalu,5,1,2025-02-17 09:03:08
5f5948ab-ddad-4cfd-bd08-96b407a08417,Siti Utari,saya menunggu verikasi nya lama,2,0,2025-02-17 04:33:43
20b81a41-9d8a-4fca-bb5b-317e1de008fa,SUYONO,Semoga mempermudah pelayanan bagi warga,5,0,2025-02-17 03:02:14
2180c338-644c-4a78-9092-ae21984762e5,Likhin Hore,"Aplikasi Yang Sangat Membantu Untuk Masyarakat, Semoga Tangerang Semakin Gemilang",5,0,2025-02-16 18:21:29
81104542-b569-4793-a073-e6b1fd01aa9a,Babayaro83 GamersCrotz,"Ayooo dong bapak bupati baru yg terhormat, perhatikan hal2 kecil sperti aplikasi ini.. Berguna bgt bagi saya masyarakat kecil untuk mengurus berkas2 scara online... Ini verification untuk pmbuatan akun za.. Sampe sminggu ga pernah ditinjau.. Aplikasi kyk mati padahal resmi 😔😔😔",4,3,2025-02-15 01:12:50
957a2db2-7096-413c-ba3f-9a9517f7257f,Siti Nayla Mumtazah,Aplikasi ga jelas,1,0,2025-02-14 09:16:01
d0ca5c65-0889-4fe1-a5e0-9ab5081bce0e,Eki Meilana,"BPN di mall ciputra sebaiknya tutup saja, kasian sudah antri lama sampai cuti tapi harus urus ke tigaraksa, persyaratan di aplikasi ini juga gak sesuai seperti materai dan tanda lunas pbb tidak dicantumkan.",3,3,2025-02-12 00:30:09
bcd4c898-8b6b-4bb9-8bd8-8f484abcc352,Ali EXT7,Mantab aplikasi ngurus dokumen jadi lebih gampang,5,0,2025-02-10 20:44:00
c5aab8a2-8c6c-4c72-9e83-4d3ddd4a569e,Mujiyani Yani,"lupa password dan sudah klik link untuk reset, ada notifikasi email sukses terdiri, tapi tidak ada email yg masuk, sudah cek di spam dan semua kotak masuk masih zonk",1,0,2025-02-10 12:45:42
1fc5fc08-0c72-450d-9a96-37eba2d7b523,thealone,"Top banget,..membantu masyarakat kab. Tangerang👌👌",5,0,2025-02-09 06:00:14
5655b9c5-b6f3-4d23-95d7-952f7daff4b7,Hassan priyono,Gak fungsional. Udah ambil antrian online juga gak bisa proses,1,1,2025-02-03 04:35:36
9afa7a15-97be-49e2-8459-d0e68db75fe1,Muhamad Zakaria,VERIFIKASINYA LAMA ADMIN GAWE WOYY,1,0,2025-01-22 14:36:45
9e0b4c81-f050-42d6-9398-f138873d8db5,Rizal Kurniawan,Verifikasi data aja bisa lebih dr 24jam...ini aplikasi ada yg ngurus apa kgk? Apa autopilot kayk pemerintahannya??,1,0,2025-01-22 03:40:02
5e0e45b0-1b1c-4ca2-8519-e3b5d59afd79,soni sanjaya,Ok,5,0,2025-01-18 01:36:26
ace593f5-d148-4389-8a68-7d2a44699d8e,Doyok Sinaga73,Puas dengan pelayanan nya,5,0,2025-01-17 16:50:01
4eedbf4e-771b-4e98-9def-b54a8fdfe11e,Jumaidi Eftra,"Kenapa sistem antri online nya ga dibuat simple Pertama daftar online setelah itu dpt barcode antrian pendaftaran Saat tiba di geray ny verifikasi barcode baru dpt no antrian... Kenapa mesti 2 x proses Semesti nya pada saat daftar online LSG dpt no antrian, supaya ga numpuk di pintu masuk geray krn mo verifikasi kedatangan, tolong Di evaluasi",3,3,2025-01-17 05:01:05
e02e15f6-3e23-4e7a-ab7c-a54b82d125c0,Nur Lelah,Nunggu verifikasi udh mau seminggu gilaakkk,1,0,2025-01-13 11:15:43
85428fe8-5814-47c0-9bd3-496af6db2238,d3w4n66a,mantap,5,0,2025-01-09 02:14:31
299345ee-ecd8-451e-af1d-0e9a700b8adc,PARHAN Maulana,aplikasinya mantap,5,0,2025-01-09 02:13:53
a01b7543-74a5-4ab8-8e5e-467f22645bd6,Ma'rup,Mantappp,5,0,2025-01-09 02:11:09
7dd90264-efd3-4995-8d92-41de082869ba,Bro Bambang,Aplikasi yg sangat membantu dalam pengurusan semua surat2 penting di kab Tangerang0,5,0,2025-01-08 07:11:52
9544c66c-6ddf-442b-b7f0-2f42abb48299,Gondil String,"Min, aplikasi Tangerang gemilang kok error sih,,, mau ambil antrian buat bikin KK dan akte nih, benerin dong min,,, masa muter Mulu kaya komedi puter, hadeuhhh",3,0,2025-01-07 15:13:55
f8a5f061-b26e-459d-89f4-59e227892d85,Bayu Mahardhika,"Awalnya saya sudah daftar dan pakai aplikasi ini sejak november 2024 , lalu per januari 2025 aplikasi ini sulit di akses , entah kenapa, tolong bug nya di repair",1,4,2025-01-07 13:06:04
a371e935-a035-44f0-aba2-40414fbccdcc,Sugi Sapian,"Tampilan ok, tp buat daftar aja SUSAH ....",2,0,2025-01-07 10:18:38
880d055d-489c-423d-aa41-d88f79f83ea0,AJID MUHDI,Kenapa muter aja jaringan bagus tapi tidak bisa ke buka,1,0,2025-01-06 02:46:25
5d678b64-6d1e-4620-9870-7f2707b761f8,Sekar Maharani99,"Udah muak gua sama aplikasi dari pemerintah tuh, bukannya membantu malah justru tambah Nyusahin. Kalo bisa kasih ulasan tanpa bintang mah gak bakal gua kasih bintang 1, masih terlalu bagus bintang 1 tuh buat aplikasi buruk gini.",1,3,2025-01-06 01:05:46
5c59f53f-4dac-4ac5-97fa-0464e8aaab7f,Ahmad jayadi Jayadi,"APUS ajh aplikasi nya , dftar online gabisa , daftar offline ga bisa mau nya apa kali",1,2,2025-01-06 00:50:16
16e9ddb0-4cfa-4321-9dbd-ca4ec2bfe1aa,Dedi Suryamam,"Nunggu verifikasi nya lama ,tiba tiba terjadi kesalahan ...",2,0,2025-01-04 03:51:17
61b1868c-6e75-47aa-81b6-7a3d287b1168,Suki Rito,"Sekarang sama sekali gak bisa di gunakan. Muter terus, padahal saya pakai wifi",1,1,2025-01-04 00:42:52
2090945d-a0f1-4a59-a8d2-060804ee9def,Nurul Antika,Tidak bisa log in aplikasinya..,1,0,2025-01-03 16:01:58
a78eb507-bd4f-4f21-bd55-0c018478dd54,iron mine,"udah coba login berulang ulang kali tetep ga bisa, pdhl udah nyoba pakai wifi dan data seluler tetep aja gabisa login..",4,4,2025-01-03 10:40:05
10955061-cb07-49ac-a783-9a648c5f101f,agus maulana,sudah seperti gangsing... muter-muter aja daftar aja susah gimana mau melayani masyarat nih aplikasi..di perbaiki dong aplikasinya,1,4,2025-01-02 07:07:27
0badc381-b464-4211-ac30-0ee6f9dea435,Devira Febriana,"Sinyal dan internet saya lancar, saya coba daftar tapi tidak bisa karena ""terjadi kesalahan, tidak dapat terhubung. Cobalah kembali secara berkala"", saya pakai wifi juga sama saja tidak bisa. Dan saya coba download di hp yang lain juga tidak bisa mendaftar dengan keluhan yang sama. Tolong developer, diselesaikan masalah ini. Terimakasih",1,22,2025-01-02 02:53:49
fc793bb9-2500-42c7-8603-1ad888dc6ca4,Rohmat Yusuf Muliyana,Aplikasinya gk bisa pakai mau login aja gagal terus email sandi udh bener. Tolong klo launching aplikasi udh siap bukan percobaan,1,1,2024-12-30 01:36:51
2d33800c-9889-490c-8baa-7506ffe21c01,HUTA MANSIE,"Semoga pelayanan dari aplikasi dukcapil kabupaten tangerang ini semakin membaik,dan dapat informasi yg akurat",5,0,2024-12-27 10:06:27
0b87515c-589c-499e-8db4-3e821ff2cf98,Asep Nurman Jaenudin,Keren,5,0,2024-12-23 15:49:49
2b9024e3-7d74-4c74-98ec-a94cb636971c,Komarudin Anwar,"baru daftar aplikasi aja nunggu verifikasi nya lama banget udah seminggu ga berubah statusnya, orang mau ngurus ini itu malah jd ribet",2,3,2024-12-23 06:16:47
425cc883-70e8-40b6-bd72-2b6653f5513d,Bagvolt Official,Ga jelas kalah jauh sama jakarta,1,0,2024-12-23 04:40:55
c2ead4fb-8799-4c12-8b55-dff671a2dd47,khoirulazhar,nice,5,0,2024-12-20 12:08:08
f2337680-edc9-4126-8ea9-fd90e112830a,ramli aditya,Gaada pelayanan masyarakat seperti mengurus administrasi. Padahal itu yg penting.,1,0,2024-12-20 10:25:14
84c61fe5-da62-42fa-96d4-7e7391357a69,Uu Samsudin,Mantafff,5,0,2024-12-20 00:08:28
f7a62844-75b2-41ef-89ed-62297847c428,Sehyudin 96,Mempermudah urus dokumen,5,0,2024-12-19 04:41:54
8b158eda-813c-41d1-9d20-b33a8515d206,DJuhana Uju,Sangat berguna buat saya warga kabupaten tangerang. Terimakasih sudah menyediakan apk yg sangat baik.. Tetap semangat buat aparatur kabupante tangerang. Banten,5,0,2024-12-17 08:12:02
48165d70-d8ea-4441-ac61-99d1d55ddf03,Dila Nurfadila,Apakah aplikasi ini bisa membuat kartu kuning,3,0,2024-12-12 13:34:06
7e91b5b8-6901-497b-8f91-f5cc7b219437,Margono Margono,"Cukup membantu masyarakat kab. Tangerang khususnya ,dan fitur2nya cukup bagus",5,1,2024-12-12 02:57:38
08be75da-3532-42a3-a0e8-ec98690683ce,Nanank Apache,ok banget,5,0,2024-12-10 20:57:21
8c3eb2a7-0ad4-4da2-8d4f-e320e64dc61f,Davi Chairil ilham,"Mau buat ktp di mall ciputra petugas nya tidak pernah hadir nunggu dari pagi sampe sore tidak ada kejelasan sama sekali,",1,0,2024-12-09 06:46:23
9823b8b1-4b36-4d16-b995-52c329547559,akbar geming geming,Mantabs.lebih mudah dan gampang,5,0,2024-12-06 02:40:50
c9d896e7-6aca-4b3a-96e7-c886997de531,halim abdul,"Bagaimana cara mengurus dokumen secara onlen tanpa hrus mendatangi kantor karna di apk cuman ngambil antrian 1.episieni waktu 2.jam kerja kantor sama jd sulit untk ijin 3.jarak tempuh sangat jauh 4.banyak oknum polisi ,melakukan pungl Tolong di permudah masyarakat agar tangerang lebih gemilang",2,1,2024-12-03 01:28:47
41c6db64-9da9-4851-97ca-a0a51a573306,Idham Holid,Sangat membantu.ok,5,0,2024-12-02 08:06:47
e12b1cb7-2fe0-4cb2-9ac5-50fe84a82442,ADHA AEP,"Kalau Dipersulit,Saya Tidak Beri Ranting,Kalau Mudah & Amanah,Saya Beri Ranting *****+Puyer *7🤣",1,0,2024-11-30 16:15:08
14bfd588-1233-488f-a170-302ea631bd81,akmal alfatah,ribet co,1,0,2024-11-28 03:15:46
d3580eb9-e7f8-4a96-ba16-e505502527c5,Yoga Maulanayf,"Untuk aplikasi nya belum okeh soalnya belum bisa masuk, padahal udah masukin email sama sandi nya ga bisa masuk",1,7,2024-11-21 12:29:09
e3a09e90-1c86-4c62-af8e-0d4bbcbe3405,Jubai Dilah,"Tidak ada layanan kependudukan, msih belum ok buat yang sedang berada diluar kota",2,3,2024-11-20 11:54:30
b3d3df59-164a-447c-849d-b3963f5ce200,Fauzy Muhtarom,"APLIKASI GA JELAS, GA BISA BIKIN APA APA NORAK GA ADA GEMILANGNYA",1,0,2024-11-19 10:59:03
9ddb0b28-dd6b-48a5-9d28-a5170076c45f,Wilson Simanungkalit,Sangat membantu,4,0,2024-11-16 00:17:08
3a8ab3ed-55da-4e27-8dfb-9781a3ebafbd,Rani Fortuna13,Okee,5,0,2024-11-15 02:20:17
9e5cb7e5-fbee-4b1e-b0da-df4a0d1983ad,Dedy Dores,Mantap BPK kepala Dinas Provinsi Kota Tangerang atau kabupaten Banten. Aplikasi.Nya sangat membantu bagi Masyarakat Kota Tangerang Saya kasih 5'bintang top Mantap Selalu Amanah buwat Aplikasi.Nya (Tangerang Gemilang)👏✊🤓😀,5,0,2024-11-08 12:47:52
ac593abd-d201-476e-a4e0-901c0b5dbf19,Fahmi Asyraf,Sangat bagus,5,0,2024-11-08 07:44:44
ae587c44-0042-4a0a-9ee3-2737d5654dda,Arsad Kow,Saya ga tau ini guna gananya apa😏,3,0,2024-11-06 06:04:44
68f367df-2d92-4a33-a79c-2f3a509b0f03,Abdul Fuad,Sangat membantu,5,0,2024-11-05 12:46:12
04a22fe4-e896-4700-a994-7c43b3c59af9,Su Hendra,"aplikasi gx jelas, Habisin Kuota aja",1,0,2024-11-04 08:28:01
7e9b7d90-b58d-46ff-b948-ec8b45114c31,Reynaldo Pratama,"Non fungsi, aplikasi gaada manfaatnya untuk urus berkas secara online, malah lebih mirip aplikasi berita bukan aplikasi pelayanan penduduk.",1,3,2024-11-04 02:33:48
5d275472-1003-4d1a-bf85-3250574dc51e,Ayah Riyantoaris,"Baru nyoba aplikasinya,, mudah""an pelayanan di TKP bisa memuaskan,, agar nantinya bisa direkomendasikan ke yang lain",5,1,2024-11-01 01:45:02
f92a22cc-7d26-423d-b1b2-2fa177601989,Marsino Nino,Alhamdulillah mudah dan cepat dalam penggunaan. Tks,5,0,2024-10-28 23:11:06
8da207ea-6abe-41a9-9923-7d9cb6333f3f,Muhammad Arifin,👍🏻👍🏻👍🏻👍🏻👍🏻,5,0,2024-10-24 07:44:22
4c882968-5f96-4933-97e7-96f0294af13b,Tedie Briliandika,"Dengan adanya aplikasi ini urus dokumen jadi lebih mudah, tanpa harus berebut antrian (karena antrian secara online). Mantab kiranya gerainya bisa diperluas penyebarannya.",5,5,2024-10-23 06:34:19
09fae4be-95d8-4988-8f1a-39fa6066c790,Wilfrid Theo,Oke,5,0,2024-10-17 06:14:46
ca617bf4-fabf-4ee2-8f0e-ab7d92ce0bb2,Susan Juliyanti,Tidak membantu,1,0,2024-10-15 15:02:56
5c57d1fe-ebf7-4f91-8366-ee11d17215db,Achmad Reza,Lebih luas mengetahui lokasi yang ada si kabupaten Tangerang.,5,0,2024-10-15 08:27:03
a3e40307-0530-4452-a125-befaef7de4a4,Bagus Dwi Putra,"Aplikasinya mudah dipahami dan mudah untuk digunakan, luar biasa",5,1,2024-10-09 13:52:28
2e169318-79ac-44c2-885e-defb1ed71fee,Jagad Putra Tawakal,Membantu,5,0,2024-10-09 07:59:42
a9cd87e9-9254-4c02-967f-54415b52dd71,Elisah Kusuma,Daftar disnaker gak bisa2 aplikasi lemot,1,0,2024-10-08 07:58:09
a08cac24-d79d-499c-b3f2-ff6e6988582a,Andri Saptaji,Bagus kembangkan lagi viturnya,5,0,2024-10-03 20:43:25
c47be2c4-4344-483d-8ec8-691dd978fa2e,Handoko Sri,Aplikasi bikin susah orang....sudah login di riset gagal Mulu ....menyebalkan ......admin sdmnya tolong di tingkatkan,1,0,2024-10-02 01:09:17
17c97a5d-c075-4715-bc1a-cc006b16bc65,Reihan Denish,Kurang dalam semua fitur,1,0,2024-09-27 05:56:16
b4933aeb-4bbe-4f25-a90b-b87737352dd8,Muhammad Kukuh Ardiansyah,"Kalau sudah bisa full online minimal buat KK, sama KTP aja full nih bintang. Ini aplikasi masih kaya gimik aja biar keliatan punya aplikasi kaya daerah tetangga, cape harus cuti kerja dan belum tentu sehari bisa jadi :(",1,4,2024-09-25 08:51:19
5bf66a59-6ca4-42d1-8c60-7b35a7100a81,Hasril Sentanu,"Pelayanan lebih cepat, lebih mudah .",5,0,2024-09-12 06:10:32
1c1d73be-4aaf-4ddb-85a7-9f81cd64d30c,joko triyono,"Tidak membantu, tidak bisa pengurussan dokumen secara online..",1,2,2024-09-09 08:53:34
84d6415b-f271-46b5-a997-2ce9d40d3e17,agung romadoni,Mau pake sistem online tapi sayang nya sistemnya masih acak2an Gausah pake aplikasi2 kalau kerjaanya masih lelet dan ga guna juga apk nya,1,4,2024-09-06 03:33:59
5bbdac28-3b7e-48f1-988e-c69552c493f7,sianak pintar,aplikasinya buat apa? kepentingan nya apa? gak penting bgt buat aplikasi seperti ini. gada pelayanan untuk masyarakat. ketahuan bgt sih. korupnya.,1,0,2024-09-03 12:29:38
0f3f4fdd-b2c3-4c73-83a2-79c67ea3831f,MIA DRW SKINCARE CITRA RAYA TANGERANG,Keren,5,0,2024-09-03 04:10:42
1907bec5-3bc0-4de8-912a-6387323bf8b1,Aji Sumitro,Sangat terbantu dengan ada nya,5,0,2024-08-30 09:06:23
0a99a412-5661-4fec-9a44-18455d14532e,Tri Yanto,Membantu mempercepat proses antrian,5,0,2024-08-23 14:16:29
008953ef-52bc-4b25-a059-18f8cf509935,fikri satriyanto,Selalu gagal saat verifikasi foto KTP PARAH,1,0,2024-08-13 02:33:13
2816522d-e5bc-4361-83d8-65dcfb3c29ca,Harto Roziq,Sangat membantu sekali,5,0,2024-08-12 15:59:18
85e3ade3-4efc-4ccb-8e14-6a9086e58b3f,Jun Wijaya,Verifikasi trussssssss aplikasi kaga jelas,1,0,2024-08-09 09:03:44
0269d336-d586-498c-a60f-da7e4f374597,Cahyadi Slamet,"inimah portal berita.. portal berita mah urusan wartawan, Pemda mah tugasnya melayani masyarakat, harusnya bikin aplikasi yg memudahkan pelayanan",1,1,2024-08-06 02:30:11
dabbff62-cca0-4fda-888d-ccc5987258a2,FRESHFOAM STORE,"Aplikasi ga guna. Aplikasi sampah, ga ada manfaatnya sama sekali untuk masyarakat.",1,1,2024-08-05 05:19:38
2d10d77d-0bca-4f17-a458-1c28022734d9,Miftahul Robani,Untuk antrian gak sesuai estimasi,1,0,2024-07-31 07:00:02
c14f8a1a-1dd4-4645-a53c-83483eabfab5,Muhamad Amin,Moga bisa membantu masyarakat awam seperti saya yg ngga ngerti.,5,0,2024-07-31 06:56:14
919ef26f-7d2f-4601-a53f-85680144b63c,Kedai Jenkwidhi,Keren,5,0,2024-07-30 18:00:19
7e5d48af-68fb-41e7-a0bf-4add84128121,Asmadi Adipradana,Salaku urang Tangerang kuring ngarasa reueus ngeunaan kamajuan Pamaréntahan Kadipaten Tangerang henteu ngan dina widang téhnologi jeung budaya tapi tina sagala widang 😊💕,5,0,2024-07-25 20:47:57
19f2742f-9c70-485d-b112-bbd57e6928c1,Aprizal Fahturahman,"Aplikasi ga ada fungsinya sudah mendaftar, suruh kembali verifikasi akun malah gabisa ngulang² terus tolong perbaiki lah ini ga guna sm sekali memalukan",1,4,2024-07-25 12:03:20
526ad817-0601-425c-b288-ae7e6af328b8,ZAKI HASAN,Sangat membantu,5,0,2024-07-25 03:30:57
24837f6b-90f9-4c48-9176-08cb9cb6bd38,Benny Maulana,Mantap lah mempermudah dan cepat,5,3,2024-07-18 05:29:32
37ff081f-8fb0-4a6a-8038-a104dd08dc38,Samsul Izzuddin,"aplikasi kurang komplit, dikira bisa bikin kk, ktp, akte secara online, ternyata sama aja harus dateng ke capil .. sampah, kabupaten benahi birokrasi dong",1,8,2024-07-17 06:04:59
684ae888-aef1-48a3-9a10-28ddd08a40cd,Eko Yunianto,Semoga aplikasi ini dapat membantu masyarakat dalam mengurus segala urusan administratifnya sesuai peraturan pemerintah,5,0,2024-07-16 05:03:22
cf0b8a5d-333b-4584-85d3-efcfeb8a3ad1,Abdurrohman,Tolong dong dibuat aplikasinya yang ngebantu warga tangerang biar bisa bikin kk atau ktp via online....,1,4,2024-07-15 13:32:45
9c908e8f-765b-43f5-8e4a-4245f33ea6e9,Dedi Rusyandi,"Saya pikir bisa pakai aplikasi ini buat pembuatan, kk, ktp atau sejenisnya, seperti kota2 dan kabupaten yg lain, bisa diakses dan mempermudah masyarakat, bisa secara online, tapi kenyataan tidak bisa, ayo dong kabupaten Tangerang masa gak bisa online lagi.",1,9,2024-07-15 09:38:26
06cb9421-4129-49b8-99a6-2fa5ec6037bf,Wandi Sutomo,Terimakasih,5,0,2024-07-10 19:12:48
3701a92b-aed3-404b-a566-469bcc6258e9,ahmad yadi,payah kata ny pelayanan online mau perbaharui KK aja susah bener kg ada arahan ny harus kmn ujung ujungnya harus ke dukcapil datang whahahahaha borrroo9s kuota,1,2,2024-07-10 02:36:08
021b44f4-5a60-48a9-b53d-8e8ad06087c3,Karinah,Kenapa tidak bisa verifikasi dan setiap unggah KTP selalu balik lagi ke beranda,1,5,2024-07-10 01:04:47
d00c0d73-bf35-4d81-911b-71e7f4062bc0,ASIKIN CHANNEL,kebanyakan dananya di korupsi kali ya sekelas pemerintahan bgini aplikasinya wkwk,1,1,2024-07-09 18:16:09
28be652e-d144-4437-a50c-3a07eed2c374,Nur Pidin,Ok,5,0,2024-07-09 17:34:46
482b271e-99a9-452b-894d-e4410a4a1409,THE KOKOK BHELUK,Pelayanan sangat memuaskan waktu pengurusan hanya 5 menit saja Lgsung slesai Good job buat tangerang GEMILANG 👍👌,5,0,2024-07-09 04:26:46
cf2dc35e-9877-4232-b009-4bf718dfde42,Irfan Ali,"Aplikasinya cuma ngurusin yang bayar"" doang payah",1,2,2024-07-08 06:44:54
6f87e051-5612-4945-91cb-05222ef6ddbc,Edy Setiadi,"Tidak berfungsi sebagai mestinya ,",1,0,2024-07-05 03:39:20
96750c5c-2d0d-4c75-a13b-daa75f2af8dd,yustina _tris,"Dulu pernah unduh dan untuk ambil antrian online bisa, enak lsg ke mall Ciputra menurut jadwal yg dipilih. Eh skrg antrian online gak berfungsi, masa semua tenant semua hari dan jam penuh, ga jelas",2,3,2024-07-02 05:34:41
e8ea578c-7732-4978-a904-9981eed7cc27,Masri 24,good,5,0,2024-06-28 04:04:07
254db0b4-6fe2-443e-a354-35ba24232080,Shasha Rose,"Aplikasi kurang penting, saya rasa ini bukan aplikasi layanan penduduk. Harusnya bisa update KK, KTP, legalisir semacamnya seperti aplikasi kependudukan di kota lain, Itu namanya mempermudah masyarakat. Lah ini ambil nomor antrian di sinipun ke dukcapil tetap harus antri lagi 😆 bikin yang mempermudah masyarakatlah ! Jgn asal asalan",1,46,2024-06-28 00:01:14
3c9ab276-c658-49da-a11f-fe825d989586,muhaemin wasalam,"kalo isinya berita doang mendingan posting di Instagram,. ga punya pegawai IT apa buat aplikasi yang berguna buat masyarakat,...",1,0,2024-06-27 14:39:04
44397d78-6cd1-4a99-a32c-46de0479a8ab,anyun 07,Data kita aman gk ini pak.. Masa suruh selvi sama ktp takut nya ada yg salah gunakan pak,5,0,2024-06-20 08:53:18
48efd7a5-13f4-4035-9629-3f5b24031e0f,Hendra Ab,mantap,5,0,2024-06-18 02:37:11
7ee5e58d-2279-4b97-9b59-008530cdce14,Iskandarmuda Bermawi,"Aplikasi baru berkaitan dengan Kabupaten Tangerang bagus sih, tapi harus selalu di update informasi nya terkait dg Dinas dinas terkait seperti Dukcapil, Dinsos, BPJS kesehatan, Rumah Sakit Swasta dll semoga kedepannya bisa lebih baik",5,2,2024-06-15 03:37:34
21772fba-2f4f-4ab6-81bd-d14f38ff7f69,Erwin Manalu,Baru download semoga bnyk manfaatnya,5,0,2024-06-13 01:52:16
5055fb1b-7c30-44a4-ad77-7eb931c0e31c,Heni Suswanti,Membantu,5,0,2024-06-08 02:11:40
cd279f69-83ea-4660-8903-ef3c8a2ecb4a,Utjok Indomobil,Mantabb,5,0,2024-06-04 14:25:26
a100377b-fde2-441d-819c-53c65a94392b,AKHMAD SUJAI (ATHAR SUJAI),Mantap,5,0,2024-06-04 09:52:06
b4c0a749-fbbe-49b6-9335-c85d6f1f0024,Dafit Riyanto,"Ambil no antrian di aplikasi pilih yg jam pagi (jam 11) tapi dapetnya no 046, positif thinking kali aja nomer ga ngaruh yg penting dateng sesuai jam yg dipilih ternyata zonk. Jam 11 lewat baru nyampe no 023 Malah habis 023 nomer kecil (004) yg baru dateng diduluin. Kalo emang ga dateng sesuai jam registrasi harusnya selesaikan dulu sesuai no yg berjalan baru mulai lg nomer kecil.",1,11,2024-05-31 04:49:37
33da2385-efa3-44e6-b734-e4c55f78ed9d,thrryf boy,Aplikasi ga jelas,1,0,2024-05-29 08:03:06
7e6d188d-b6d2-4282-8022-9a38a5bd145c,Yazha Islah,"Tidak bisa mengajukan Laporan Lewat aplikasi Span Lapor. Server eror terus. Ngadu disini aja. Alangkah baiknya jika permohonan cetak kartu keluarga bisa melalui aplikasi IKD atau WhatsApp tinggal print sendiri atau sejenisnya. -maksimal 3 hari kerja, setelah pengajuan. Melalui online seperti Aplikasi IKD dan WhatsApp tidak ada respon, meskipun ada respon, Lama sampai 1 bulan. Datang langsung ke dukcapil hasilnya tetap harus menunggu.",2,9,2024-05-27 05:27:09
62d2add9-9011-4f9b-b9c6-f6175f6c2a07,Away Al Khoir,Buruk pelayanan ny,1,0,2024-05-24 03:08:12
e32154b8-b582-4a67-ac47-019ee7609b88,Ezra Youlee,Membantu masyarakat,5,0,2024-05-20 05:11:44
e2ef4999-6919-48e2-be6b-55bf3eaa53bc,PADUMA FRESH,Mau liat data kependudukan malah pajak yg muncul makam juga,2,0,2024-05-19 23:21:44
bca90672-a08b-427a-9143-a685455a8490,SAADUDIN,"Tidak ada buat pengecekan e-KTP, Inimah cuma aplikasi Berita. Bukan buat pelayanan masyarakat. Berita itu bukan urusan pemkab. Yang bikin aplikasi ini sepertinya tidak paham kebutuhan masyarakat kab. tangerang. Ini sudah jaman modern... Pelayanan masih Ribet.",1,0,2024-05-18 23:54:48
426b175b-0dfd-4a5a-bb5a-9378463493b6,Yuli Anto,Sementara Saya berikan Bintang 4,4,0,2024-05-16 07:04:19
3169dca7-03a4-4291-b0c0-e15a20ca0b9b,Subhi Tea,Sangat membantu terimakasih semuaya,5,0,2024-05-15 04:50:48
e397cb7e-7965-4cb7-a34a-2a8b0c79b38a,Beny Sulistya (Mr.ben's),"Data kependudukan isi nya makam, mau data mayat apa? Giman memperbaharui e KTP dan kk miinnn",2,0,2024-05-14 06:53:01
fe167e22-a2b0-4da6-ac63-d49456dd34c2,Mas Darto Classic,"Isinya sampah doang, kagak ada gunanya",1,0,2024-05-13 08:22:28
236c5082-ea4f-400a-8ae7-120c42d1d6fb,Pudin TV,Terbaik,5,0,2024-05-13 06:06:54
60290442-9474-4d9d-b78a-ae998805c61e,Yanuar Darisman,Aplikasi yang sangat mambantu,5,0,2024-05-13 03:28:50
f8f71370-c668-45d3-93c4-9b27528b8f61,Wahyu Din,Lumayan cuma ga bisa buat KK online,5,0,2024-05-11 07:36:59
041d7885-b95f-4137-9722-af0bdfa093fd,M. Budi Iryanto,Ok dan mantap Insya Allah bisa membantu dan mempermudahkan secara online dlm pembuatan Kk dan ktp dan akte kelahiran serta yg lain2nya... Jgn diPersulit... 👌👌👌👍👍👍🙏🙏🙏,5,4,2024-05-11 03:53:34
5d229b34-96ad-4535-adaa-7468b0ce7e84,Lukman Salvialfadli,Fitur pelayanan belum lengkap,3,2,2024-05-11 00:56:04
beaf1d0d-f743-4296-8ad8-ed0368d00794,Agiel Sanudi,"Gak ada fitur pendaftaran ektp online,,payah lah...kalah jauh sama kabupaten terpencil",1,2,2024-05-05 18:21:05
6dd18ca0-1978-453a-8fa2-f9712fb48759,Yayan Febriana,Aplikasi apaan sih ga jelas,1,1,2024-05-03 06:52:39
6c475bfb-c4e1-4079-bd02-bc1b4491566a,Rohmat RR,"Semoga lebih baik lagi pelayanan nya, Dan bisa melayani perbuatan KK online.. 🙏",1,0,2024-05-01 11:32:03
db08d2fa-9ffe-43a8-85ac-cf9f159ce52b,Enny Nuraini,Tidak ada menu pindah domisili,1,0,2024-05-01 01:27:44
1ecd09b7-4a28-469c-90b4-e2a1004f8651,Adit Fingerstyle,"Tolong pak di perbaiki aplikasinya, biar bisa memudahkan kami mengakses pembuatan document secara online khusunya kami yang berlokasinya jauh dari dukcapil bisa mengakses documen secara online. Layaknya dukcapil tangsel/kota tangerang dan yg lainnya terimakasih salam hormat semoga bisa terbaca keluhan masyrakat kabupaten tangerang🙏🙏🙏🙏",1,0,2024-04-27 02:58:33
90381f3e-f4cf-4c1a-8701-df850874a194,Gunawan Sina,Ok,5,0,2024-04-26 22:41:43
c17fbbc0-b2f3-48e4-bf7e-d54385b6340d,agus indra,Server bobo....,1,0,2024-04-24 12:38:05
467687e7-1ef4-4e2a-97cc-0c6323f87d28,Bobo31 31,Efektif,5,0,2024-04-22 22:45:28
6934f444-d4ed-40b7-b832-c8a6660fe89c,Millah Alafgani,Tokong tambah fitur buat akta kelahiran/perubahan akta kelahiran online seperti disdukcapil tangerang kota,3,0,2024-04-21 21:11:17
11516345-cfd2-4e17-9806-57cf0212046c,DNX Helmet,Mantab,5,0,2024-04-16 01:36:33
6bc4cc65-09f6-456d-a9c1-3200b763a169,Ashter trino,APK GAK ADA MUTU DAN GAK GUNA. gini amat nyari duit.,1,0,2024-04-12 19:49:21
e4d052e9-565e-46cb-a6e7-9f4117220d98,Dinda Dwi,"Bikin bingung, niat unduh aplikasi biar bisa memudahkan malah bikin bingung",1,7,2024-04-04 05:42:50
6c7dadb1-afd7-495d-898d-2fbaa10b578a,Bam S,Asal buat aplikasi...dana peluncuran aplikasi besar tp tidak ada manfaatnya,1,5,2024-04-03 03:34:49
5b6e079e-e158-468f-be54-8b8d14726216,Indra maret triadi Triadi,Sangat membatu,5,0,2024-03-27 12:26:38
e8021dab-7968-4ceb-b3f7-8c3643a0d27c,rudy rez,Gak berguna tidak membantu sedikitpun,1,0,2024-03-20 03:46:54
5a0f1554-79c6-4653-90e1-20abb79ec7bd,JPS Tangerang,buat apa ada pelayanan online gak di tanggepin. ngeweb gak di respon dan chat wa yg bales cuma bot doang. gak jelas. payahhhhj,1,2,2024-03-19 17:31:16
e3454410-2c65-42b4-86fa-ce89a865e681,hesti wahyu,Buruk,1,0,2024-03-17 01:14:39
e1018b54-f1cb-4a83-a4e5-585c0c1045bf,ZAENAL Jenal,Bagus,1,0,2024-03-09 04:05:34
ba420a7b-bb41-4125-8c3b-5d26a1de7d27,Agus Kurnia,Blm bisa di gunakan,2,0,2024-02-26 00:22:03
6c11c173-e946-44e6-a344-b260e78ffe24,Yudana Atmaja,Login untuk swafoto KTP dan foto KTP masih loading,1,0,2024-02-12 00:21:09
41dbd7a8-8a06-4d3d-bc18-1d6ea7e4b9bf,Mandala Zidane,maaf aplikasinya belum move on lelet susah diakses,1,0,2024-02-06 11:55:12
fff03a47-0914-4db0-9663-25220ccebf85,Yan Aryana,"Mungkin pendanaannya tidak ada buat perkembangan aplikasinya, dari dulu menunggu sampe sekarang pun masih tdak ada layanan, menyedihkan",1,1,2024-01-30 00:34:17
05fe536b-f714-4fb6-a15e-73e56cece909,Suwarno Nano,"Pelayanan buruk,ga ada perubahan",1,0,2024-01-17 13:54:10
89ec3e5c-aee3-4e2b-95cf-1c5b33d928a1,Syahrizal Rasyid,"Min, edit profil bisa tidak ? Soalnya saya salah input no KK",4,0,2024-01-11 07:54:14
2e1ff30b-eb0d-4a5e-8575-48403c23b92d,arman,aplikasi asal jadi dan yg penting ada inimah.. bisa di pake juga kagak. pencitraan mulu,1,0,2024-01-11 03:27:19
5bb57cf7-4fe1-4ebe-a42b-a7553f6683ee,Lukman Hakim,Alhamdulillah,5,0,2023-12-30 23:15:19
9490793b-47cb-45b7-8029-f2fa3fe17de0,Muhammad Achsan,Banyak kendala,1,0,2023-12-12 11:55:10
dab80e0e-a8cf-42a9-a800-e7a90efd0059,malik,"Masih banyak bug yang di aplikasi siapkerja.tangerangkab.go.id minta tolong kepada pihak developer agar lebih terbuka menerima masukan, server sering down dan sudah 2 hari tidak ada perbaikan",1,4,2023-11-20 12:49:55
f5b977a9-b11e-4000-b0b6-a66f1eb47f8b,Zan 21,"Menu siap kerja nya sering error, tiap klik siap kerja, selalu muncul tulisan ""terjadi kesalahan......"" bahkan di website nya pun sama, ""Situs ini tidak dapat dijanhkau"" padahal internet lancar² aja",1,8,2023-10-27 22:16:50
8d6591ac-632e-4635-98e0-bef14f3d2705,Solikhin,Pelayanany masih banyak kekurangany masih kacau....,1,0,2023-09-25 10:44:52
9bd50c1e-6c50-47cb-b71b-4b0b3caefcd8,Agus Riyadi,Saya kasih bintang lima nanti kalau administrasi kependudukan bisa di download dari sini,1,0,2023-09-20 02:50:38
327218fd-1a80-44a7-be54-f8e1ee37c679,Naufal Gozali,Ga bermutu kabupaten se rendah ini pelayanannya!!,1,2,2023-09-11 10:57:59
9e07ddea-3fca-44e6-9bb1-31402d149f68,bhunkers ska,Mending gada ni aplikasi ..gunanya cuma buat di hina doang,1,1,2023-08-14 16:11:00
91d7b4a0-5f34-4d61-b785-3407de9e3a73,Heriyanto Oen,"Pas lihat di tiket antrian fisik, terkesan dan tertarik untuk instal Tangerang Gemilang, setelah register dan sdh terverifikasi ternyata belum bisa dan siap digunakan aplikasinya, semua loket pelayanan tidak tersedia. 2 bintang untuk tampilan user interfacenya yang bagus.",2,11,2023-08-03 04:46:19
1f13e390-92e7-49e2-ade1-f07dca74f5c8,Charity Maulidya,"good job, tangerang gemilang",5,0,2023-07-30 01:00:53
be04fba7-85bf-4011-89c0-2969425880e1,Ayu Celluler,"Ga mutu ini aplikasi, harus byk yg diperbaiki.",1,0,2023-07-29 20:48:03
0a036346-408a-4596-b7e9-1e5dbf156abd,Ayah,Lama jasa baru loading doang geh,1,0,2023-07-28 01:59:15
2891aa6c-fab2-45da-93d3-25b0f896e12b,dhamantts alfaridzi,Aplikasi ga berguna percuma bikin aplikasi,1,0,2023-07-20 09:25:26
d3f464e2-434c-4c24-865d-240664eb8363,Yusdi Gayela,Ini fungsinya buat apa? Layanan mandiri ga ada yang aktif. Kalo share berita mah udah banyak. Buang-buang duit aja bikin aplikasi.,1,0,2023-07-12 09:15:54
f8cea952-4fa1-4a63-82ad-ec5e4450b15e,revandra darmawan,"Ini gimana aplikasi cuma buat pajangan aja ? Udh terverifikasi tapi ttp aja gak bisa dipake , tiap buka pelayanan loket kosong terus masa Allah",2,4,2023-07-12 04:10:28
e6c5ff32-986b-4984-8243-d85ba5adff86,ahmad gunawan,"Aplikasi pemerintah mana ada yg ontime dan bermutu,ga tau deh apa mang disengaja atau malas buat nyelesai nya. Gw download cuma mau komen aja,karna gw tau aplikasi Kaya gini cuma menuh menuhin memory aja.",1,12,2023-07-10 11:53:00
895340cb-8efd-4a95-9ac3-8e1c0f6056d7,Moh Saeful Hakim,Ok,5,0,2023-07-09 04:49:07
1da33b26-7f9d-4154-8ff0-25e390214d4e,JAWIR,Masih banyak bug yang harus di perbaiki tolong pihak developor agar bisa melihat keresahan dan ulasan aplikasi ini !,1,0,2023-07-08 10:30:25
89cb02be-b7d8-435d-bc60-8063f7b71614,SUANDI,Buat foto srlfinya blm bisa,1,0,2023-06-21 12:35:14
6aa0b783-0c15-4012-82d4-566abc8b147d,Abdul Rohim,"Berharapa pelayanan dukcapil, ternyata ya ternyata tidak ada hasil",2,0,2023-06-14 08:50:37
6d20923a-4af4-4d07-851a-044c15eb6ca5,aliyya azzahra,tidak berguna,1,1,2023-06-14 02:38:37
eee9d77a-7fa5-43a5-bbed-5fa15a831f94,Jetiga Alacafe,"Terverifikasi ,tp gk berfungsi,sepertinya blm siap,andaikan berfungsi membantu banget drpd offline hrs antri seharian.",3,2,2023-06-12 15:11:54
47412fb2-f991-412d-9ea2-aa2e20dc1f9e,Muhamad Ridwan,Di urus dong aplikasinya,3,1,2023-05-24 04:13:32
f41ac923-fa7b-4c4c-85df-7dc13758f1a3,Fuzi Nugraha,Semoga nambah pelayanan-pelayanan lain yg bermangfaat..biar mudah lewat 1 apps mobile ini..,5,6,2023-05-15 04:51:35
c6ee421d-b080-435c-95aa-9418eb4b5078,Ozi fahruroji,App ini g bsa di gunakann kah? Masuk ke menu siap kerja g bisa?,1,0,2023-05-14 01:41:25
9ec1f425-3621-4771-8307-5221e5497b3f,JAVA GORDEN,Daftar akun sdh coba beberapakali sampai uninstall berkali kali tetap saja fitur fotonya tidak berfungsi. Alhasil tidak bisa daftar akunnya.,1,2,2023-05-12 02:47:43
2c0f6050-a35b-4454-9d98-6730f8b33728,wieto trihanggada,Nih sebenarnya aplikasi berfungsi ga sih? Dari sekian banyak keluhan sepertinya tidak ada yang merespon,1,0,2023-05-05 03:24:51
cdf1e370-e6b0-46b7-8bf6-70494ab533c0,tedi nurhadi,"aplikasi gak jelas, udah terverifikasi tapi gak bisa dipake, mejeng doank",1,1,2023-05-04 02:31:53
7065ab0e-e621-4729-a54f-5474b3dffdc1,Dea Susanti,Gabisa login di siap kerja. Padahal nama ibu sudah bener!,1,1,2023-05-03 21:40:03
5fe5641f-d7fc-440b-8532-c4a2c59473cc,Angga Saputra,Mantapp,5,0,2023-04-14 12:33:07
f91746bc-2131-4644-960d-2782fde68d6c,Widi Susetyo,Like this..,5,0,2023-03-31 12:05:24
487cff6b-98d0-4cda-903e-4618702e8772,Lauhil Mahfud (Mahfud),"Tingkatkan lagi pelayanan ke masyarakat di wilayah kabupaten Tangerang, jauhkan atau singkirkan setiap pungli pungli yang ada, tatkala sedang mengurus surat surat dan mudahkanlah setiap ada pengurusan apapun dan tanpa ada istilah pungli",1,0,2023-03-22 03:22:48
0ed949e3-b272-4a7d-8d25-5cded0842f05,Supri Widodo,"Aplikasi belum berfungsi ,,tolong lebih di perhatikan untuk pelayanan mandiri online nya ,,semoga ke depannya bisa berfungsi dan bisa membantu masyarakat kab.tangerang melalui aplikasi ini .,,terima kasih",3,2,2023-03-22 00:30:17
83443d70-bc37-43eb-8f60-e44b6d416d1b,Sholeh El Ayyub,Ini untuk luar kabupaten tangerang kelurahan nya belum lengkap,4,1,2023-03-16 07:54:56
a4d60f59-4ab9-4a6e-b350-c84303360f04,Muhamad Hamid nur,"Aplikasi ga bisa d gunakan. Layanannya mash kosong semua cuman ada menu saja. Ketika di pilih kosong. Terutama capil persyaratan saja hanya muter"" doang",1,18,2023-03-14 02:32:06
7eb3fc3e-c5fb-4c2a-8475-3a3db23c8eb4,selvis sinaga,percuma aplikasi tetap gk bisa d gunakan..buat akte lahir kk dll gk bsa..gk berguna,1,4,2023-03-14 00:32:50
af837971-5e61-4dea-a7af-9173a1fa8e4b,Ardi Yansyah,Mantap,5,0,2023-03-07 09:11:57
a05cb2a7-4fa9-4450-b185-6d9758dc91dd,budi leksana,Kenapa nggak diverifikasi akunnya by,3,1,2023-02-18 15:05:56
6732c3bf-d651-4663-ac94-83d9ec33ebe8,al imran,Mantap,5,0,2023-01-04 10:41:21
db310c89-3d4f-42b0-a540-86828ad25bb8,Dede Yusuf,Aplikasinya masih belum bisa digunakan terutama di bbrp layanan antaranya layanan mandiri untuk KTP el nya,1,3,2023-01-02 00:34:51
8ae15acd-ae79-42dd-8143-5aa2d182a440,Dudin ML,ini aplikasi rusak kah? fungsi nya apa error semua?,1,0,2023-01-01 03:05:05
3971fdad-3b84-44cf-8a94-24126c271b35,Iqbal Katon,Aplikasinya bagus tapi untuk registrasi/atau Pabuatan akte ga bisa ya,1,2,2022-12-12 07:20:02
88750d45-0ef8-4a1e-a7e9-0412e26ed6f1,Aji Jaya,Aplikasi belom bisa di gunakan. Padahal berharap cepat dapat di gunakan.,1,0,2022-12-09 18:37:26
67c871eb-64c1-44fd-a4e5-c3cae26f4927,Haerul Aedi,Anjirrr gua kira nambah mudah pake aplikasi ternyata Sama ajah bohong😬😆😂😂😂😂😆😆😆😆 jangan dowload entar nyesel susah bikin apa apa di kabupaten pake duit cepet,1,0,2022-12-02 01:44:58
bae5d56e-f357-4201-bd54-c65a02c922d5,Galih Unggar,Gatau sebenarnya fungsi aplikasi ini apa. Bagi yang penasaran silahkan diinstal,1,0,2022-11-22 04:55:07
69f73a67-6f11-43de-be9e-0a32e3eab6a6,Umam Pajri,Cukup baik,5,0,2022-11-21 18:49:15
338ab73c-ecb4-4d96-ab1c-cbefaa486120,husen lapuk,Ok,5,0,2022-11-21 16:05:13
b11a4f0b-1d52-4963-bf8c-ee2efe968a3f,Handi Wijaya,Aplikasi cacat. Ga guna,1,0,2022-11-17 04:22:18
cfa964d5-130e-4d67-8583-ac4cc32c5e0f,ABU SUHERI,Tambahkan fitur lebih menarik dan lengkap seperti nu online,5,0,2022-11-11 17:22:16
db026cb0-a17f-43f2-8ecd-ea2a5524e4e9,SanS,Aplikasi gaje verifikasi lama bener,1,0,2022-11-08 10:05:52
9341deb2-0999-4b31-a33e-0d06c9080344,010 Ahmad Riziq Ferdian,Proses verifikasi lama bgt,1,1,2022-11-05 07:12:04
1c5fd0b5-d07c-464e-804f-aead18a0f34c,Sela thirteen,"Lama banget verifikasi nya, dari hari Kamis sampe sekarang Sabtu blm di verifikasi juga..udah tau lagi butuh banget mau bikin kartu kuning hadehh..eeh sekarang udah di verifikasi pas masukin nama ibu kandung salah, dicoba setiap hari tetep aja gabisa..tlong dong butuh banget ni",1,0,2022-11-01 08:44:10
78cf7946-ea88-4b16-b044-f9bac455ab0c,Udin Bebeb,Dr dulu sampe skr ga ada perubahan. Dr mulai manual sampai via aplikasi. Tangerang perkembangannya cukup lambat. Pelayanan langsung atau via aplikasi sama aja. Sama sama lambat.,1,7,2022-11-01 06:21:09
3dbdd8bd-8d7f-4861-8b79-045539c12c70,Asnida Situmorang,"Mau masuk akun harus masukin nama ibu,tapi tetap aja ga bisa sinkronisasi",1,0,2022-10-24 00:25:28
5dda4c26-9c6e-491d-ba35-5a7c2516d3b9,Muhamad Rayhan Budi Saputra,"Sinkronisasi akun suruh masukin nama ibu kandung, tapi salah mulu, mau lapor tapi g ada call centernya, coba tolong diperhatikan lagi untuk para tim front end & back end nya",1,0,2022-10-23 04:54:20
a621a421-a044-4964-af8b-cfc4b6f94517,Endelita Manalu,"Tolong admin utk menambahkan WA/Email yg bisa langsung terhubung dgn admin jika terjadi masalah...saya sudah pernah membuat kartu kuning trus lupa sandinya mau benerin ga tau gimana caranya,ga ada tulisan lupa sandi dan semacam nya. Skrg saya download aps ini mau masuk ke siap kerja di minta nama ibu kandung sudah saya ketik kan dgn benar tetap tidak bisa masuk Mohon perbaikan utk aplikasi ini",1,5,2022-10-21 18:37:11
b7369d28-2015-48ba-9d42-cf765c8491e9,Boby Maysyar,"Semoga app dan kenyataannya sama petugas kerja cepat dan tepat, thanks",5,0,2022-10-21 16:05:05
494347ad-e616-46bc-9595-70aa6ce1a2bd,Hansy Saputra,Terlalu lama untuk konfirmasinya,2,0,2022-10-21 13:54:27
a375678b-2cfd-41b0-930f-f1e559767cb3,setiawan aji,Mencoba dahulu,3,0,2022-10-21 13:28:05
ca6474f3-c174-4039-a3de-5653abc9dd54,Nur Djaya Atmaja,"Sangat membantu , kembangkan terus",5,0,2022-10-21 08:47:41
6b27a192-0455-4d10-951d-d649c2402ade,Septiani Indah lestari,Mau login susah,1,0,2022-10-21 07:34:32
355a8d33-096b-42de-a44c-801819ded8bf,hasan fuad,Okeh smoga bisa jadi solusi buat yang mencari kerja,5,0,2022-10-21 06:32:49
15000135-adec-43a5-95b7-f1fb1c3a3a5a,Ahmad Suhaendi,Eror trus buka web siap kerja padahal ada eveN job fair miNi,1,0,2022-10-20 20:08:22
8923ae45-b269-40f5-9393-c642f23ad174,Dhiaz Radritria Rizki Fahriza,"pengambilan gambar ktp tidak bisa, gman mau maju, aplikasi kementerian aja jelek gini",1,1,2022-10-20 11:11:39
a61157de-7f26-44e0-a273-8f05f61f0d1f,Tri Setianingsih,Semoga bisa membantu untuk para map cokelat pencari kerja,5,0,2022-10-20 04:42:43
2699c3ff-2945-4dcc-ae4a-53b382ceb762,Mei Purwadhani,"Gimana nih?masa masukin nama ibu ttp ga sinkron,pdhl udah bener",1,1,2022-10-20 02:44:35
6a123436-0b71-4a8e-a0ad-c0c1d85b103e,Nabilla Fazira,Gbisa login 😤😤😤😤,1,0,2022-10-20 02:43:46
a4390a04-c366-42ad-982c-8563f9b466c5,Deva Rivelino,Jika foto selfie dengan KTP. Bahaya data akan Bocor dan di salah gunakan.,1,0,2022-10-20 02:31:25
d17d31f7-d767-4de3-b9c6-d7d1d812edb8,Rafly Yanuar Budiman,Sangat Bagus Untuk Yang Belum Mendapatkan Kerja,5,0,2022-10-19 02:25:08
63f169e3-2628-427f-b2ac-c8728e00c0ef,Kias Rianto,Kapan pemkab Tangerang memiliki aplikasi dukcapil seperti pemkot Tangerang. Sangat membantu masyarakat jika ada. Ayo Kab. Tangerang tunjukan inovasimu,3,0,2022-10-01 14:47:55
b1a8962a-fc9a-4b53-9ac8-8d2d3de4455e,Sandi Putra990,Ini gimna sih ko ga bisa ambil Poto e-KTP nya,1,0,2022-09-28 04:59:56
fe9f9408-1c6f-4d90-9117-a14194e5461a,Lauhil Mahfud,Blm bisa download,3,1,2022-09-27 18:39:57
4cc6b7b1-6d87-4e6f-930c-4a2bee5e344a,Ahmad Taemy,Coba dong aplikasinya yang seperti tangkotlebih komplit,1,0,2022-09-23 10:09:41
b6571e54-d8a0-4f4d-9fbf-a1f99e1abbee,Ahmad san,Perbaiki dong aplikasinya kalau mang harus 100% online...selfie KTP tidak bisa,1,0,2022-09-23 02:19:35
0237a608-f8fc-4079-ae99-2cd934f925cc,Puput Rahmalia,Udh 5x bolak balik daftar akun giliran mau foto ktp aja gbsa di teken kameranya esmosi sayaaaaaaaaa😭,2,0,2022-09-22 15:14:55
f7059153-172f-49fd-a412-7fec1373e44f,Dini Sopiyani,Mau sinkron data masukin ibu kandung salah mulu heran. Tolong perbaiki admin server 😡,1,1,2022-09-20 15:25:03
a97efdfd-fb7a-4d3b-a625-ade2d4cb8e7f,Salim Limes,Aplikasinya buruk,1,1,2022-09-14 17:24:22
ab4c060e-5a0d-4966-adb3-82ea0f5c7f46,Bahrudin,Mantaap,5,0,2022-09-06 18:28:17
97848f78-24da-485b-8db1-6a5571f09a6f,sarnuji setiawan,akan menjadi luar biasa jika semua fitur layanan sudah tersedia untuk semua wilayah di kabupaten tangerang,5,0,2022-09-06 15:11:02
20859cf5-1405-4eb4-99ef-8d58750d2501,Julaeni Joel,Tolong admin utk menambahkan call center atau email jika ada masalah tertentu di menu bantuan. Karena saya coba email ternyata tdk terbaca oleh server gmail. Dan utk menu pembuatan akun pencari kerja disnaker utk jg menambahkan call center atau tambah menu lupa password atau reset. Karena saya udh coba sangat sulit sekali klo tidak ada bantuan admin. Trus skrng masuk siapkerja kudu pake nama ibu kandung. Gmn cara singkron nya... Tolong diperhatikan tim admin IT nya. Terima kasih.,1,10,2022-09-05 23:41:54
73c79281-bafb-4554-8ec2-3740f42de17a,Ar-rizz,Yang bner lah klo bikin aplikasi,1,0,2022-09-02 13:36:25
0c9d2c02-c1de-4fa8-a5ae-fe967cfeeb02,dea putrisari,Ko ga bisa sinkronisasi akun sih pdhl nama ibu kandung nya benar,1,2,2022-08-31 07:48:35
3f460109-c94d-45e4-b22b-8b4e9fa4279b,Muhammad Zainal Muttaqin,Menunggu pembaruan terbaru,5,0,2022-08-29 07:39:20
92c03472-f4e6-4439-99f7-cbd39b60a88c,P 1 N,Goood,5,0,2022-08-26 07:20:28
1b7723fb-43bd-46eb-a4ec-d25577682726,Fasal 11,"Tidak bisa foto KTP, bagaimana mau daftar?",1,0,2022-08-25 11:44:56
bc0fc477-0181-413c-97ca-d6498ddb3976,Zikky Ramadhan,Bagi saya aplikasi ini sangat membantu,5,0,2022-08-24 11:05:07
5681266d-47fc-4664-a1fa-40405da47934,Su kin,Ok,3,0,2022-08-02 02:38:05
17196d57-05b7-48de-b942-fc7230e01577,HILMAN,good,5,0,2022-07-31 09:54:28
c8cfd214-0c9f-43f3-87b9-c322443e8a2e,Abdi Waluyo,"Saat pendaftaran akun, pengambilan foto KTP tombol kamera tidak aktif, dan tidak ada notif apapun.",2,1,2022-07-31 02:35:34
3a7e4ec2-e54f-418f-b600-729f9f8bb513,Kaneki Kun,maaf ya pak/buk bintang 1 dulu soalnya masih susah cari kerja,1,0,2022-07-30 06:20:02
a49e67bc-2d6a-49a7-b898-6f90ef21823f,Joko Lanank,Mending suntik mati aja deh ini aplikasi,1,0,2022-07-29 13:58:45
0ba7aa53-c7f5-4ec4-a347-6b0416e2afe9,Khairus,Aplikasi saya tidak bisa masuk ke fitur siap kerja ataupun paten,2,1,2022-07-28 10:24:00
9ebb2af8-6fae-4084-86c9-44c1939c0f73,Bunga Niah,Ngga bisa uplode ektp,1,0,2022-07-27 03:33:36
2b48fc1d-3248-4383-8cb7-7ead85b60115,Muhamad Fazri Maulana,Gajelas daftar aja susah,1,1,2022-07-27 03:11:59
a76a1596-2c1c-48bd-9e6c-0d1d9539e61c,Ayuk Utami,Gak guna,2,0,2022-07-26 17:05:08
864a35a7-bda9-4623-89e5-6595dde0d87e,Yusra id,"Sumpah gua sebagai orang yg lumayan Ahli di bidang android developer,ini apk e-government parah bgt sih.",1,0,2022-07-25 16:53:02
541a39f6-1382-467d-a8ac-77964084e53f,Muhamad Noval Ramadhan,Bismillah semoga yang terbaik untuk masa depan semua😍,5,0,2022-07-24 14:04:20
8c0aca37-eb60-4192-bd3c-a00b94cd473c,Reza Fnd,Gajelas udah verifikasi KTP registrasi malah gabisa,1,0,2022-07-21 12:17:38
d2945328-15b5-4531-9d4f-fce12b904a0e,Farra Dhiba67,cape bnget gk bisa2 uplod ktp nya,1,0,2022-07-21 12:10:47
8883b228-db08-4c2c-bcb3-d07242fe65a5,Adhy Lex,Udah daftar tapi pass mau sinkronisasi malah ngak bisa....😔😔😔,1,2,2022-07-21 07:18:37
e4bb48fc-f3a2-4b22-8e8b-921c468c65e4,har yanto,Sangat membantu bagi yg butuh pekerjaan.,5,0,2022-07-21 06:55:41
bfe319ae-5d7c-4599-8238-8be99d884999,Fajar id,Emang g bagus sih Msh banyak 404nya,1,0,2022-07-20 23:35:57
fd4b17d0-719a-4526-ab36-98b17750050b,Sulthan Muhammad Maftuh Ihsan,"Pas mau simpan data diri tidak bisa, ini sangat mengganggu semoga cepat di perbaiki",1,0,2022-07-20 03:21:38
66342046-0175-44dc-8b6e-df51afa2f8d6,Tri Wahyuni,"Wah kacau, saya mau ambil foto selfie dengan ktp untuk registrasi tapi aplikasi tidak bekerja dengan baik. Gagal terus. Sementara bagian foto ktpnya saja bisa. Jadi tidak bisa melanjutkan registrasi karena aplikasi bermasalah",1,9,2022-07-19 23:21:18
0122a4da-8eba-4019-8ea7-cfa470a8d9fa,Ahmad willy Barlian,"Proses lama menunggu seharian, belum lagi memasukan nama ibu kandung untuk sinkronisasi itu pun berkendala, hingga menunggu berhari hari",1,2,2022-07-19 13:11:44
baaf3657-55d9-4b48-a4b5-be7d28a83ad5,Akhmad Ridho k.,Verifikasi lama banget keburu lowongan abis,1,0,2022-07-18 23:47:54
bb3dd3c6-0e0e-4eaa-9e15-3cf3f6cee8bf,Masyraf,Good,5,0,2022-07-18 13:39:58
afc85c8e-056c-4722-97cb-298aeb242652,syarotif as qolani,Apk ini sangat membantu masyarakat mengenai lowongan pekerjaan.. termkasih Tangerang gemilang semoga kedepannya lebih gemilang 💪💪🤲🤲🤲 ammminnnn,5,0,2022-07-18 11:32:36
2e653065-af5f-4678-8159-c336180d7221,Usup Khoirul putri,Pertanyaan saya satu aja apa yang dimaksud domisili( untuk pencaker luar daerah) dan apa yg diapload bagi pembuat baru kartu Disnaker,1,0,2022-07-18 08:06:39
b2734e5a-3085-4917-b5a6-f17bf393a6da,F M,"Kalo udah bagus saya rubah bintangnya. Mohon maaaf, data sudah lengkap, akun sudah terverifikasi tapi saat pengajuan AK-1 sudah menunggu hasilnya malah ""Perbaiki"" Perbaiki apa, pusat bantuan kaya aplikasi lain gaada kacauu -,-",1,13,2022-07-18 06:32:52
32208194-4ce6-4486-af2c-dfce54bfb64f,Dedy Friyatna,Register selalu di tolak tanpa ada penjelasan,1,1,2022-07-18 02:59:05
f2262755-576f-4409-9b20-dbc5d0f251cb,Muhamad Irfan,gaguna,1,0,2022-07-17 22:11:44
adce3a19-3bb2-4b3d-8f9a-6748ea8e9978,Diatnugraha Music,"Lah gimana nggak bisa daftar, pas mau foto KTP malah nggak bisa foto bang. coba di perbarui lagi di evaluasi lagi deh.",1,3,2022-07-15 03:59:28
11070ae6-8f9e-4150-8441-01bdf841c24c,Bagus Setiawan,"Desa Kresek dan Desa Renged tidak ada di daftar pilih desa/klurahan, ada 9 Desa di kecamatan kresek, di daftar pilih desa/kelurahan hanya ada 7 Desa saja. Semangat..",1,0,2022-07-15 03:53:09
a3dfb892-a6b3-4f1f-848a-a06efefdb509,Nur Halimah,Semoga bermanfaat bagi kita semua,5,0,2022-07-14 22:36:57
2ccc24cd-f983-42d9-8034-87c401ddb6d2,Mochamad Arif Rachman,APLIKASI SAMPAH !!! MAU HERAN TAPI KAB TANGERANG,1,3,2022-07-14 07:24:42
07397252-ae86-45ce-a3dc-e3becb655767,SAN 16,Yang bener laa suruh daftar foto KTP malah ga bisa bisa gimana sih maunya,1,1,2022-07-14 05:21:23
cbf05687-0bb0-4298-8ae4-1fd00b09f713,Ferdi Ansyah,Padahal udh isi data sesuai kk. Tapi pas masukin nama ibu kandung ko gabisa mulu aneh. Coba perbaikin lagi dong min aplikasinya,1,1,2022-07-14 04:29:51
c0f4f115-2539-41df-b906-12fe8e987afe,Wildan Humam Haroki,"Nunggu di verifikasi lama, terus masukin nama ibu salah terus, nanti kalo membaik di ubah ratingnya. Maaf ya min",1,1,2022-07-14 04:06:12
1c2efcde-c5fd-4bf6-ba19-965bebee67df,Muhammad sofyan Yan,Oke deh,4,0,2022-07-13 13:52:18
427e4759-a191-4408-b6af-d9a2d93f587d,Siti Masitoh,Kenapa saat meng-upload KTP ko tidak bisa .,3,1,2022-07-13 09:12:50
3f77b103-e405-4032-8acd-5ad460333abc,Solikin Ahmad Soleh (Ikin),Bagus kembangkan terus fitur fitur nya,5,0,2022-07-13 06:36:27
7463914b-93a8-4caa-8877-0a59a2d4449b,Acep Isroni,Josss,5,0,2022-07-13 04:47:09
85e7ebb6-b729-45c0-97c2-48a2c7604813,Erland Madhisa,Keren,5,0,2022-07-07 02:50:26
6efe3326-a436-4789-bc04-f5578549d5df,e.s,bisa ditambah database nik seperti di Tangerang kota,5,0,2022-07-05 08:31:30
30662375-ad87-4987-852e-a7fa7514b78c,sym artono,Tahun lahirnya hanya sampai tahun 1970..untuk tahun kelahiran 1964 tidak ada..??,3,0,2022-07-04 04:45:10
db6d94a4-2e7e-45fa-a023-10ce0ccc509f,Sunil al kahfi,Keren,4,0,2022-07-03 16:00:27
f7fb54b2-f626-4408-b6ce-1aed094628ab,Suwendri Wijaya,Aplikasi belum layak dipublish ke masyarakat,1,0,2022-06-30 02:01:53
ea9850d9-80ff-4c35-928e-945c5fe38dcd,ACHMAD RIYANTO,Mau lamar kerja minta nama ortu tapi gagal terus aneeh,1,1,2022-06-30 00:05:59
15f5aeb6-c7fa-4f99-b956-504433ba302c,Bari Sandi,SANGAT MEMBANTU DALAM HAL PENGURUSAN PEMBUATAN KARTU DEPNAKER TERIMAKASIH,5,1,2022-06-29 09:49:11
567497b6-4ce9-4d18-b85d-923977894eb0,Bahrudin Hasan,Mana g bisa di download,1,1,2022-06-27 13:52:58
3148bc62-d915-4678-b00e-35b78c45d249,Angga Saputra,Saya mau daftar di aplikasi gak bisa yah. Padahal tinggal foto ktp doang,2,6,2022-06-27 04:18:58
f2a7ae6b-6de4-474a-87ec-b4aa739e4130,usrin ardila,"Belum ada penambahan anggota keluarga di KK, klik lihat syarat pembuatan akta muter2 mulu, belum ada admin chat langsung. Nanti ditambah lagi bintangnyankalau sudah sempurna",1,15,2022-06-23 03:58:43
15435077-3108-4b8c-a705-f066962ba857,Junaedi Junaedi,Mantap cuma saya telat daftar Tangerang gemilang buat KTP di kampung saya tidak terdaftar di dukcapil ternyata belum di masukan data saya di dukcapil kab tangerang,5,0,2022-06-23 02:53:16
52b986ce-91f5-4a88-8bbb-48dac3941b2a,Eman Suherman,Semoga semakin jaya kabupaten tangerang sukses selalu,5,0,2022-06-11 19:51:32
79c2893d-78e3-4f61-a173-23cfb83d91d4,Achmad Wahyudi,Salam dari Mahasiswa STMIK Insan Pembangunan,5,1,2022-06-09 07:18:26
0bb0d19d-eeb4-4634-b5e9-60b5fb2ab9a7,Mario Bross,Smoga semakin gemilang sesuai dengan nama nya. Maju terus Tangerangku,5,0,2022-06-09 07:18:00
1c01b31e-bb54-43c0-865c-ca81d216aa7a,WINANTI SUPROBO,Maju terus Tangerang Gemilang,5,1,2022-06-06 02:11:16
a7396714-63e9-46e2-8892-c0eb7dfa7a75,Susanti,Lanjutkan pengembangan,5,0,2022-05-26 03:07:11
ab89b271-6e27-4389-b445-473b02bb6e60,Abdul Hamid,Semoga bermamfaat,5,0,2022-05-18 02:27:29
716cbbba-63b8-4946-9ff8-5d057602fd81,Rido Prasojo Darsono Putro,Aplikasi berjalan dengan baik dan lancar,5,0,2022-05-11 05:12:32
a15e3b01-ee12-47fa-aba7-b3c97841d0e4,Ip Man,Ga guna,1,0,2022-05-08 04:17:21
e5b2a08d-b85e-4ce8-9ae5-2edd3b7c7477,Ahmad Jaelani,Semoga aplikasi ini bisa menjadikan kabupaten Tangerang lebih maju dan canggih. Dan bisa melayanin masyarakat kabupaten Tangerang lebih baik lagi. Untuk fitur iPBB kenapa yg tagihan 2020 tidak terlihat. Sekedar masukan kalau bisa ada Fitur iPBB nya lengkap sampai tagihan tahun terakhir walaupun masih terkunci atau bagaimana. Biar kita sebagai masyarak bisa lebih mudah lagi Apalagi kalau bisa langsung bayar di aplikasi ini kan lebih keren,5,10,2022-05-01 10:30:36
3295149b-62f5-41f2-b475-3b3d1c180a4f,martinus leo,Kapan nih bisa online Jangan lewat wa,2,0,2022-04-19 09:43:03
cba64671-43ee-4f8d-8ea1-3f8e71b74f48,Surachman,Semoga Aplikasi Tangerang Gemilang semakin berkembang dan bermanfaat,5,2,2022-03-19 08:16:34
74cbf50e-e3aa-4cc5-8ae5-095fdedfdc00,Sari Kurniasih,Mudah-mudahan bermanfaat,4,0,2022-03-19 07:32:41
edea8ae6-2a23-4a0c-98b0-007bce0f32e6,Bay Jos,semakin gemilang Pemkab Tangerang....semoga aplikasi ini mempermudah informasi bagi masyarakat,5,2,2022-03-19 02:00:08
39116a86-1ae1-4d1b-be1a-5263a23acd47,Salekhan Jally,Mantap pokoke,5,1,2022-03-19 01:57:49
62839f97-9d17-4180-9b31-f558b23996da,putra manchunian,Nah ini nih...lengkap buat masyarakat seperti kita2 Terimakasih kabupaten Tangerang 🙏🏽👍🏽,5,2,2022-03-19 01:45:45
3d979024-fe03-4bed-8238-2e8efba5d1e8,Fauziah Syah,Keren euuyy pemkab Tangerang...👍👍👍,5,3,2022-03-19 00:02:29
458a4179-6338-48b4-9fa3-2c5d2d41e316,Eni Rahmawati,Terima kasih akhirnya ada update versi baru. Ayo kita dukung pengembangan dan aktifkan semua featurenya.,5,5,2022-03-18 14:40:16
